--
-- PostgreSQL database dump
--

\restrict hig3L0bWaWT1959dTnvIJE41mTFEgiwcJPd7P5dYVIu38sPGKQZGfBUXZFr1bVe

-- Dumped from database version 16.4 (Debian 16.4-1.pgdg110+2)
-- Dumped by pg_dump version 17.6 (Homebrew)

SET statement_timeout = 0;
SET lock_timeout = 0;
SET idle_in_transaction_session_timeout = 0;
SET transaction_timeout = 0;
SET client_encoding = 'UTF8';
SET standard_conforming_strings = on;
SELECT pg_catalog.set_config('search_path', '', false);
SET check_function_bodies = false;
SET xmloption = content;
SET client_min_messages = warning;
SET row_security = off;

--
-- Name: tiger; Type: SCHEMA; Schema: -; Owner: postgres
--

CREATE SCHEMA tiger;


ALTER SCHEMA tiger OWNER TO postgres;

--
-- Name: tiger_data; Type: SCHEMA; Schema: -; Owner: postgres
--

CREATE SCHEMA tiger_data;


ALTER SCHEMA tiger_data OWNER TO postgres;

--
-- Name: topology; Type: SCHEMA; Schema: -; Owner: postgres
--

CREATE SCHEMA topology;


ALTER SCHEMA topology OWNER TO postgres;

--
-- Name: SCHEMA topology; Type: COMMENT; Schema: -; Owner: postgres
--

COMMENT ON SCHEMA topology IS 'PostGIS Topology schema';


--
-- Name: fuzzystrmatch; Type: EXTENSION; Schema: -; Owner: -
--

CREATE EXTENSION IF NOT EXISTS fuzzystrmatch WITH SCHEMA public;


--
-- Name: EXTENSION fuzzystrmatch; Type: COMMENT; Schema: -; Owner: 
--

COMMENT ON EXTENSION fuzzystrmatch IS 'determine similarities and distance between strings';


--
-- Name: postgis; Type: EXTENSION; Schema: -; Owner: -
--

CREATE EXTENSION IF NOT EXISTS postgis WITH SCHEMA public;


--
-- Name: EXTENSION postgis; Type: COMMENT; Schema: -; Owner: 
--

COMMENT ON EXTENSION postgis IS 'PostGIS geometry and geography spatial types and functions';


--
-- Name: postgis_tiger_geocoder; Type: EXTENSION; Schema: -; Owner: -
--

CREATE EXTENSION IF NOT EXISTS postgis_tiger_geocoder WITH SCHEMA tiger;


--
-- Name: EXTENSION postgis_tiger_geocoder; Type: COMMENT; Schema: -; Owner: 
--

COMMENT ON EXTENSION postgis_tiger_geocoder IS 'PostGIS tiger geocoder and reverse geocoder';


--
-- Name: postgis_topology; Type: EXTENSION; Schema: -; Owner: -
--

CREATE EXTENSION IF NOT EXISTS postgis_topology WITH SCHEMA topology;


--
-- Name: EXTENSION postgis_topology; Type: COMMENT; Schema: -; Owner: 
--

COMMENT ON EXTENSION postgis_topology IS 'PostGIS topology spatial types and functions';


SET default_tablespace = '';

SET default_table_access_method = heap;

--
-- Name: auth_group; Type: TABLE; Schema: public; Owner: postgres
--

CREATE TABLE public.auth_group (
    id integer NOT NULL,
    name character varying(150) NOT NULL
);


ALTER TABLE public.auth_group OWNER TO postgres;

--
-- Name: auth_group_id_seq; Type: SEQUENCE; Schema: public; Owner: postgres
--

ALTER TABLE public.auth_group ALTER COLUMN id ADD GENERATED BY DEFAULT AS IDENTITY (
    SEQUENCE NAME public.auth_group_id_seq
    START WITH 1
    INCREMENT BY 1
    NO MINVALUE
    NO MAXVALUE
    CACHE 1
);


--
-- Name: auth_group_permissions; Type: TABLE; Schema: public; Owner: postgres
--

CREATE TABLE public.auth_group_permissions (
    id bigint NOT NULL,
    group_id integer NOT NULL,
    permission_id integer NOT NULL
);


ALTER TABLE public.auth_group_permissions OWNER TO postgres;

--
-- Name: auth_group_permissions_id_seq; Type: SEQUENCE; Schema: public; Owner: postgres
--

ALTER TABLE public.auth_group_permissions ALTER COLUMN id ADD GENERATED BY DEFAULT AS IDENTITY (
    SEQUENCE NAME public.auth_group_permissions_id_seq
    START WITH 1
    INCREMENT BY 1
    NO MINVALUE
    NO MAXVALUE
    CACHE 1
);


--
-- Name: auth_permission; Type: TABLE; Schema: public; Owner: postgres
--

CREATE TABLE public.auth_permission (
    id integer NOT NULL,
    name character varying(255) NOT NULL,
    content_type_id integer NOT NULL,
    codename character varying(100) NOT NULL
);


ALTER TABLE public.auth_permission OWNER TO postgres;

--
-- Name: auth_permission_id_seq; Type: SEQUENCE; Schema: public; Owner: postgres
--

ALTER TABLE public.auth_permission ALTER COLUMN id ADD GENERATED BY DEFAULT AS IDENTITY (
    SEQUENCE NAME public.auth_permission_id_seq
    START WITH 1
    INCREMENT BY 1
    NO MINVALUE
    NO MAXVALUE
    CACHE 1
);


--
-- Name: auth_user; Type: TABLE; Schema: public; Owner: postgres
--

CREATE TABLE public.auth_user (
    id integer NOT NULL,
    password character varying(128) NOT NULL,
    last_login timestamp with time zone,
    is_superuser boolean NOT NULL,
    username character varying(150) NOT NULL,
    first_name character varying(150) NOT NULL,
    last_name character varying(150) NOT NULL,
    email character varying(254) NOT NULL,
    is_staff boolean NOT NULL,
    is_active boolean NOT NULL,
    date_joined timestamp with time zone NOT NULL
);


ALTER TABLE public.auth_user OWNER TO postgres;

--
-- Name: auth_user_groups; Type: TABLE; Schema: public; Owner: postgres
--

CREATE TABLE public.auth_user_groups (
    id bigint NOT NULL,
    user_id integer NOT NULL,
    group_id integer NOT NULL
);


ALTER TABLE public.auth_user_groups OWNER TO postgres;

--
-- Name: auth_user_groups_id_seq; Type: SEQUENCE; Schema: public; Owner: postgres
--

ALTER TABLE public.auth_user_groups ALTER COLUMN id ADD GENERATED BY DEFAULT AS IDENTITY (
    SEQUENCE NAME public.auth_user_groups_id_seq
    START WITH 1
    INCREMENT BY 1
    NO MINVALUE
    NO MAXVALUE
    CACHE 1
);


--
-- Name: auth_user_id_seq; Type: SEQUENCE; Schema: public; Owner: postgres
--

ALTER TABLE public.auth_user ALTER COLUMN id ADD GENERATED BY DEFAULT AS IDENTITY (
    SEQUENCE NAME public.auth_user_id_seq
    START WITH 1
    INCREMENT BY 1
    NO MINVALUE
    NO MAXVALUE
    CACHE 1
);


--
-- Name: auth_user_user_permissions; Type: TABLE; Schema: public; Owner: postgres
--

CREATE TABLE public.auth_user_user_permissions (
    id bigint NOT NULL,
    user_id integer NOT NULL,
    permission_id integer NOT NULL
);


ALTER TABLE public.auth_user_user_permissions OWNER TO postgres;

--
-- Name: auth_user_user_permissions_id_seq; Type: SEQUENCE; Schema: public; Owner: postgres
--

ALTER TABLE public.auth_user_user_permissions ALTER COLUMN id ADD GENERATED BY DEFAULT AS IDENTITY (
    SEQUENCE NAME public.auth_user_user_permissions_id_seq
    START WITH 1
    INCREMENT BY 1
    NO MINVALUE
    NO MAXVALUE
    CACHE 1
);


--
-- Name: django_admin_log; Type: TABLE; Schema: public; Owner: postgres
--

CREATE TABLE public.django_admin_log (
    id integer NOT NULL,
    action_time timestamp with time zone NOT NULL,
    object_id text,
    object_repr character varying(200) NOT NULL,
    action_flag smallint NOT NULL,
    change_message text NOT NULL,
    content_type_id integer,
    user_id integer NOT NULL,
    CONSTRAINT django_admin_log_action_flag_check CHECK ((action_flag >= 0))
);


ALTER TABLE public.django_admin_log OWNER TO postgres;

--
-- Name: django_admin_log_id_seq; Type: SEQUENCE; Schema: public; Owner: postgres
--

ALTER TABLE public.django_admin_log ALTER COLUMN id ADD GENERATED BY DEFAULT AS IDENTITY (
    SEQUENCE NAME public.django_admin_log_id_seq
    START WITH 1
    INCREMENT BY 1
    NO MINVALUE
    NO MAXVALUE
    CACHE 1
);


--
-- Name: django_content_type; Type: TABLE; Schema: public; Owner: postgres
--

CREATE TABLE public.django_content_type (
    id integer NOT NULL,
    app_label character varying(100) NOT NULL,
    model character varying(100) NOT NULL
);


ALTER TABLE public.django_content_type OWNER TO postgres;

--
-- Name: django_content_type_id_seq; Type: SEQUENCE; Schema: public; Owner: postgres
--

ALTER TABLE public.django_content_type ALTER COLUMN id ADD GENERATED BY DEFAULT AS IDENTITY (
    SEQUENCE NAME public.django_content_type_id_seq
    START WITH 1
    INCREMENT BY 1
    NO MINVALUE
    NO MAXVALUE
    CACHE 1
);


--
-- Name: django_migrations; Type: TABLE; Schema: public; Owner: postgres
--

CREATE TABLE public.django_migrations (
    id bigint NOT NULL,
    app character varying(255) NOT NULL,
    name character varying(255) NOT NULL,
    applied timestamp with time zone NOT NULL
);


ALTER TABLE public.django_migrations OWNER TO postgres;

--
-- Name: django_migrations_id_seq; Type: SEQUENCE; Schema: public; Owner: postgres
--

ALTER TABLE public.django_migrations ALTER COLUMN id ADD GENERATED BY DEFAULT AS IDENTITY (
    SEQUENCE NAME public.django_migrations_id_seq
    START WITH 1
    INCREMENT BY 1
    NO MINVALUE
    NO MAXVALUE
    CACHE 1
);


--
-- Name: django_session; Type: TABLE; Schema: public; Owner: postgres
--

CREATE TABLE public.django_session (
    session_key character varying(40) NOT NULL,
    session_data text NOT NULL,
    expire_date timestamp with time zone NOT NULL
);


ALTER TABLE public.django_session OWNER TO postgres;

--
-- Name: tracking_county; Type: TABLE; Schema: public; Owner: postgres
--

CREATE TABLE public.tracking_county (
    id bigint NOT NULL,
    name character varying(100) NOT NULL,
    polygon public.geometry(MultiPolygon,4326) NOT NULL
);


ALTER TABLE public.tracking_county OWNER TO postgres;

--
-- Name: tracking_county_id_seq; Type: SEQUENCE; Schema: public; Owner: postgres
--

ALTER TABLE public.tracking_county ALTER COLUMN id ADD GENERATED BY DEFAULT AS IDENTITY (
    SEQUENCE NAME public.tracking_county_id_seq
    START WITH 1
    INCREMENT BY 1
    NO MINVALUE
    NO MAXVALUE
    CACHE 1
);


--
-- Name: tracking_location; Type: TABLE; Schema: public; Owner: postgres
--

CREATE TABLE public.tracking_location (
    id bigint NOT NULL,
    point public.geometry(Point,4326) NOT NULL,
    "timestamp" timestamp with time zone NOT NULL,
    current_county character varying(100),
    lorry_id integer NOT NULL
);


ALTER TABLE public.tracking_location OWNER TO postgres;

--
-- Name: tracking_location_id_seq; Type: SEQUENCE; Schema: public; Owner: postgres
--

ALTER TABLE public.tracking_location ALTER COLUMN id ADD GENERATED BY DEFAULT AS IDENTITY (
    SEQUENCE NAME public.tracking_location_id_seq
    START WITH 1
    INCREMENT BY 1
    NO MINVALUE
    NO MAXVALUE
    CACHE 1
);


--
-- Name: tracking_lorry; Type: TABLE; Schema: public; Owner: postgres
--

CREATE TABLE public.tracking_lorry (
    id integer NOT NULL,
    name character varying(100) NOT NULL,
    created_at timestamp with time zone NOT NULL,
    user_id integer
);


ALTER TABLE public.tracking_lorry OWNER TO postgres;

--
-- Name: tracking_lorry_id_seq; Type: SEQUENCE; Schema: public; Owner: postgres
--

ALTER TABLE public.tracking_lorry ALTER COLUMN id ADD GENERATED BY DEFAULT AS IDENTITY (
    SEQUENCE NAME public.tracking_lorry_id_seq
    START WITH 1
    INCREMENT BY 1
    NO MINVALUE
    NO MAXVALUE
    CACHE 1
);


--
-- Name: tracking_lorryroute; Type: TABLE; Schema: public; Owner: postgres
--

CREATE TABLE public.tracking_lorryroute (
    id bigint NOT NULL,
    path public.geometry(LineString,4326) NOT NULL,
    destination public.geometry(Point,4326) NOT NULL,
    created_at timestamp with time zone NOT NULL,
    lorry_id bigint NOT NULL,
    distance_meters integer,
    travel_time_seconds integer
);


ALTER TABLE public.tracking_lorryroute OWNER TO postgres;

--
-- Name: tracking_lorryroute_id_seq; Type: SEQUENCE; Schema: public; Owner: postgres
--

ALTER TABLE public.tracking_lorryroute ALTER COLUMN id ADD GENERATED BY DEFAULT AS IDENTITY (
    SEQUENCE NAME public.tracking_lorryroute_id_seq
    START WITH 1
    INCREMENT BY 1
    NO MINVALUE
    NO MAXVALUE
    CACHE 1
);


--
-- Data for Name: auth_group; Type: TABLE DATA; Schema: public; Owner: postgres
--

COPY public.auth_group (id, name) FROM stdin;
3	BasicUser
4	OverallAdmin
\.


--
-- Data for Name: auth_group_permissions; Type: TABLE DATA; Schema: public; Owner: postgres
--

COPY public.auth_group_permissions (id, group_id, permission_id) FROM stdin;
\.


--
-- Data for Name: auth_permission; Type: TABLE DATA; Schema: public; Owner: postgres
--

COPY public.auth_permission (id, name, content_type_id, codename) FROM stdin;
1	Can add log entry	1	add_logentry
2	Can change log entry	1	change_logentry
3	Can delete log entry	1	delete_logentry
4	Can view log entry	1	view_logentry
5	Can add permission	2	add_permission
6	Can change permission	2	change_permission
7	Can delete permission	2	delete_permission
8	Can view permission	2	view_permission
9	Can add group	3	add_group
10	Can change group	3	change_group
11	Can delete group	3	delete_group
12	Can view group	3	view_group
13	Can add user	4	add_user
14	Can change user	4	change_user
15	Can delete user	4	delete_user
16	Can view user	4	view_user
17	Can add content type	5	add_contenttype
18	Can change content type	5	change_contenttype
19	Can delete content type	5	delete_contenttype
20	Can view content type	5	view_contenttype
21	Can add session	6	add_session
22	Can change session	6	change_session
23	Can delete session	6	delete_session
24	Can view session	6	view_session
25	Can add county	7	add_county
26	Can change county	7	change_county
27	Can delete county	7	delete_county
28	Can view county	7	view_county
29	Can add lorry	8	add_lorry
30	Can change lorry	8	change_lorry
31	Can delete lorry	8	delete_lorry
32	Can view lorry	8	view_lorry
33	Can add location	9	add_location
34	Can change location	9	change_location
35	Can delete location	9	delete_location
36	Can view location	9	view_location
37	Can add lorry route	10	add_lorryroute
38	Can change lorry route	10	change_lorryroute
39	Can delete lorry route	10	delete_lorryroute
40	Can view lorry route	10	view_lorryroute
\.


--
-- Data for Name: auth_user; Type: TABLE DATA; Schema: public; Owner: postgres
--

COPY public.auth_user (id, password, last_login, is_superuser, username, first_name, last_name, email, is_staff, is_active, date_joined) FROM stdin;
5	pbkdf2_sha256$600000$BApg4iJ3gTZWsP2lkJ4dd0$nAj+xmmHxF8Wq4BJC1Mfyj97s/t+NYPYNLosOKy3QNg=	2025-12-07 15:47:31.3547+00	f	Lorry5Cavan				f	t	2025-12-07 14:48:08.749874+00
4	pbkdf2_sha256$600000$mf0kS7AWj06ROE0nrHwHiG$eyoYDB7ZOYoMBxmYk5w2yqibV5Jx90Xa1yNmEZ6sqv8=	\N	f	Lorry2Galway				f	t	2025-12-07 14:48:08.690974+00
6	pbkdf2_sha256$600000$KXUUq8XXSNAPqciDeJG2Ue$+u1ivCLALh4dVkvIBs7bRlygfRMyAjIjdmvcF8vXxUc=	\N	f	Lorry6Carlow				f	t	2025-12-07 14:48:08.810895+00
7	pbkdf2_sha256$600000$NLtw1VoqQyVQe9DQANrPSz$naHF5M+AscHIAm9UjSAi2KNz1rs2fmRyAe27un7h4MI=	\N	f	Lorry7Meath				f	t	2025-12-07 14:48:08.871504+00
3	pbkdf2_sha256$600000$e4yE9iQ5FPatm4Po1EwDIz$DDrlHjxi7pSzov0vSVd0KASM+fB+gBg/GssOsfGfXtU=	2025-12-07 16:00:14.848883+00	f	JakeMac				f	t	2025-12-07 14:48:08.622608+00
8	pbkdf2_sha256$600000$lGB2UgJXV6xT6TUDHpbDIl$/O2GEc3w2E4+lN72kwIvoeEannB/5FC5gOV3HjVwll4=	2025-12-08 13:16:44.35702+00	f	Lorry8Clare				f	t	2025-12-07 14:48:08.931179+00
1	pbkdf2_sha256$600000$go5vYf7f7Hbt7AjgTpa172$Ne61qXnxexxt0b/4hM0Xdyty5KZSFAcRMew1n66CYd8=	2025-12-08 18:39:08.971405+00	t	admin			admin@example.com	t	t	2025-12-03 17:28:50+00
\.


--
-- Data for Name: auth_user_groups; Type: TABLE DATA; Schema: public; Owner: postgres
--

COPY public.auth_user_groups (id, user_id, group_id) FROM stdin;
1	3	3
2	4	3
3	5	3
4	6	3
5	7	3
6	8	3
7	1	4
\.


--
-- Data for Name: auth_user_user_permissions; Type: TABLE DATA; Schema: public; Owner: postgres
--

COPY public.auth_user_user_permissions (id, user_id, permission_id) FROM stdin;
\.


--
-- Data for Name: django_admin_log; Type: TABLE DATA; Schema: public; Owner: postgres
--

COPY public.django_admin_log (id, action_time, object_id, object_repr, action_flag, change_message, content_type_id, user_id) FROM stdin;
1	2025-12-03 20:54:09.980994+00	1	Lorry1	1	[{"added": {}}]	8	1
2	2025-12-03 20:59:03.29461+00	1	Location of Lorry1 at 2025-12-03 20:59:03.271599+00:00	1	[{"added": {}}]	9	1
3	2025-12-03 21:40:32.535928+00	2	JakeMac	1	[{"added": {}}]	8	1
4	2025-12-04 17:40:17.088977+00	3	Lorr2	1	[{"added": {}}]	8	1
5	2025-12-04 17:40:34.677869+00	3	Lorr2	3		8	1
6	2025-12-04 17:40:48.125172+00	4	Lorry2Galway	1	[{"added": {}}]	8	1
7	2025-12-04 17:41:38.412616+00	7	Location of Lorry2Galway at 2025-12-04 17:41:38.392924+00:00	1	[{"added": {}}]	9	1
8	2025-12-06 14:20:30.402882+00	5	Lorry5Cavan	1	[{"added": {}}]	8	1
9	2025-12-06 14:21:55.191309+00	39	Location of Lorry5Cavan at 2025-12-06 14:21:55.172021+00:00	1	[{"added": {}}]	9	1
10	2025-12-06 15:52:28.85669+00	9	Route for Lorry2Galway @ 2025-12-06 15:49:29.398914+00:00	3		10	1
11	2025-12-06 17:52:57.048957+00	1	Lorry1	3		8	1
12	2025-12-06 18:25:21.41725+00	6	Lorry6Carlow	1	[{"added": {}}]	8	1
13	2025-12-06 18:26:54.104944+00	49	Location of Lorry6Carlow at 2025-12-06 18:26:54.084222+00:00	1	[{"added": {}}]	9	1
14	2025-12-06 18:35:06.00905+00	49	Location of Lorry6Carlow at 2025-12-06 18:26:54.084222+00:00	2	[{"changed": {"fields": ["Point"]}}]	9	1
15	2025-12-06 18:35:28.548768+00	49	Location of Lorry6Carlow at 2025-12-06 18:26:54.084222+00:00	2	[{"changed": {"fields": ["Point"]}}]	9	1
16	2025-12-06 18:36:03.202491+00	49	Location of Lorry6Carlow at 2025-12-06 18:26:54.084222+00:00	3		9	1
17	2025-12-06 18:36:43.694386+00	6	Lorry6Carlow	2	[]	8	1
18	2025-12-06 18:37:12.010585+00	50	Location of Lorry6Carlow at 2025-12-06 18:37:11.991365+00:00	1	[{"added": {}}]	9	1
19	2025-12-06 18:52:39.306738+00	7	Lorry7Meath	1	[{"added": {}}]	8	1
20	2025-12-06 18:53:14.904908+00	8	Lorry7Meath	1	[{"added": {}}]	8	1
21	2025-12-06 18:54:07.803991+00	9	Lorry7Meath	1	[{"added": {}}]	8	1
22	2025-12-06 18:54:26.039817+00	10	Lorry7Meath	1	[{"added": {}}]	8	1
23	2025-12-06 18:55:22.39713+00	11	Lorry7Meath	1	[{"added": {}}]	8	1
24	2025-12-06 18:56:12.930551+00	11	Lorry7Meath	3		8	1
25	2025-12-06 18:56:12.940838+00	10	Lorry7Meath	3		8	1
26	2025-12-06 18:56:12.941296+00	9	Lorry7Meath	3		8	1
27	2025-12-06 18:56:12.941647+00	8	Lorry7Meath	3		8	1
28	2025-12-06 18:56:22.869901+00	12	Lorry7Meath	1	[{"added": {}}]	8	1
29	2025-12-06 18:56:38.903515+00	12	Lorry7Meath	3		8	1
30	2025-12-06 19:00:04.8196+00	13	Lorry8Clare	1	[{"added": {}}]	8	1
31	2025-12-06 19:01:49.822843+00	51	Location of Lorry8Clare at 2025-12-06 19:01:49.803495+00:00	1	[{"added": {}}]	9	1
32	2025-12-06 19:02:52.527683+00	52	Location of Lorry7Meath at 2025-12-06 19:02:52.507685+00:00	1	[{"added": {}}]	9	1
33	2025-12-06 20:49:06.762388+00	53	Location of Lorry5Cavan at 2025-12-06 20:49:06.742926+00:00	1	[{"added": {}}]	9	1
34	2025-12-06 20:50:31.436897+00	54	Location of Lorry5Cavan at 2025-12-06 20:50:31.417657+00:00	1	[{"added": {}}]	9	1
35	2025-12-07 15:08:52.303396+00	3	JakeMac	3		4	1
36	2025-12-07 15:08:52.313749+00	4	Lorry2Galway	3		4	1
37	2025-12-07 15:08:52.314186+00	5	Lorry5Cavan	3		4	1
38	2025-12-07 15:08:52.314513+00	6	Lorry6Carlow	3		4	1
39	2025-12-07 15:08:52.314829+00	7	Lorry7Meath	3		4	1
40	2025-12-07 15:08:52.315123+00	8	Lorry8Clare	3		4	1
41	2025-12-07 15:10:37.900182+00	3	JakeMac	3		4	1
42	2025-12-07 15:10:37.909883+00	4	Lorry2Galway	3		4	1
43	2025-12-07 15:10:37.910252+00	5	Lorry5Cavan	3		4	1
44	2025-12-07 15:10:37.910658+00	6	Lorry6Carlow	3		4	1
45	2025-12-07 15:10:37.911006+00	7	Lorry7Meath	3		4	1
46	2025-12-07 15:10:37.911298+00	8	Lorry8Clare	3		4	1
47	2025-12-07 15:10:57.220122+00	3	JakeMac	3		4	1
48	2025-12-07 15:10:57.229834+00	4	Lorry2Galway	3		4	1
49	2025-12-07 15:10:57.230208+00	5	Lorry5Cavan	3		4	1
50	2025-12-07 15:10:57.230558+00	6	Lorry6Carlow	3		4	1
51	2025-12-07 15:10:57.231017+00	7	Lorry7Meath	3		4	1
52	2025-12-07 15:10:57.231668+00	8	Lorry8Clare	3		4	1
53	2025-12-07 15:16:02.351447+00	3	JakeMac	3		4	1
54	2025-12-07 15:16:02.361845+00	4	Lorry2Galway	3		4	1
55	2025-12-07 15:16:02.362306+00	5	Lorry5Cavan	3		4	1
56	2025-12-07 15:16:02.362721+00	6	Lorry6Carlow	3		4	1
57	2025-12-07 15:16:02.363061+00	7	Lorry7Meath	3		4	1
58	2025-12-07 15:16:02.363385+00	8	Lorry8Clare	3		4	1
59	2025-12-07 15:16:07.885867+00	3	JakeMac	3		4	1
60	2025-12-07 15:16:07.895701+00	4	Lorry2Galway	3		4	1
61	2025-12-07 15:16:07.896056+00	5	Lorry5Cavan	3		4	1
62	2025-12-07 15:16:07.896389+00	6	Lorry6Carlow	3		4	1
63	2025-12-07 15:16:07.89667+00	7	Lorry7Meath	3		4	1
64	2025-12-07 15:16:07.896959+00	8	Lorry8Clare	3		4	1
65	2025-12-07 15:17:37.813804+00	93	Location of JakeMac at 2025-12-07 15:17:37.795790+00:00	1	[{"added": {}}]	9	1
66	2025-12-07 15:31:45.697535+00	4	OverallAdmin	2	[]	3	1
67	2025-12-07 15:32:00.921634+00	3	BasicUser	2	[]	3	1
68	2025-12-07 15:32:07.229071+00	4	OverallAdmin	2	[]	3	1
69	2025-12-07 15:32:53.723955+00	1	admin	2	[{"changed": {"fields": ["Groups"]}}]	4	1
70	2025-12-07 15:49:25.142823+00	5	Lorry5Cavan	2	[{"changed": {"fields": ["password"]}}]	4	1
71	2025-12-07 15:50:05.259229+00	4	Lorry2Galway	2	[{"changed": {"fields": ["password"]}}]	4	1
72	2025-12-07 15:50:27.096923+00	6	Lorry6Carlow	2	[{"changed": {"fields": ["password"]}}]	4	1
73	2025-12-07 15:50:46.099949+00	7	Lorry7Meath	2	[{"changed": {"fields": ["password"]}}]	4	1
74	2025-12-07 15:51:15.885595+00	8	Lorry8Clare	2	[{"changed": {"fields": ["password"]}}]	4	1
75	2025-12-07 15:51:42.838085+00	101	Location of Lorry5Cavan at 2025-12-07 15:51:42.819332+00:00	1	[{"added": {}}]	9	1
76	2025-12-07 15:52:00.351877+00	102	Location of Lorry8Clare at 2025-12-07 15:52:00.332212+00:00	1	[{"added": {}}]	9	1
77	2025-12-07 15:58:50.781999+00	3	JakeMac	2	[{"changed": {"fields": ["password"]}}]	4	1
78	2025-12-07 15:59:26.8784+00	105	Location of JakeMac at 2025-12-07 15:59:26.859283+00:00	1	[{"added": {}}]	9	1
79	2025-12-07 17:55:04.317879+00	117	Location of Lorry8Clare at 2025-12-07 17:55:04.298969+00:00	1	[{"added": {}}]	9	1
80	2025-12-08 13:18:23.015468+00	139	Location of Lorry8Clare at 2025-12-08 13:18:22.996707+00:00	1	[{"added": {}}]	9	1
\.


--
-- Data for Name: django_content_type; Type: TABLE DATA; Schema: public; Owner: postgres
--

COPY public.django_content_type (id, app_label, model) FROM stdin;
1	admin	logentry
2	auth	permission
3	auth	group
4	auth	user
5	contenttypes	contenttype
6	sessions	session
7	tracking	county
8	tracking	lorry
9	tracking	location
10	tracking	lorryroute
\.


--
-- Data for Name: django_migrations; Type: TABLE DATA; Schema: public; Owner: postgres
--

COPY public.django_migrations (id, app, name, applied) FROM stdin;
1	contenttypes	0001_initial	2025-12-03 17:28:50.191386+00
2	auth	0001_initial	2025-12-03 17:28:50.220708+00
3	admin	0001_initial	2025-12-03 17:28:50.228422+00
4	admin	0002_logentry_remove_auto_add	2025-12-03 17:28:50.231003+00
5	admin	0003_logentry_add_action_flag_choices	2025-12-03 17:28:50.233274+00
6	contenttypes	0002_remove_content_type_name	2025-12-03 17:28:50.238169+00
7	auth	0002_alter_permission_name_max_length	2025-12-03 17:28:50.241343+00
8	auth	0003_alter_user_email_max_length	2025-12-03 17:28:50.243598+00
9	auth	0004_alter_user_username_opts	2025-12-03 17:28:50.245884+00
10	auth	0005_alter_user_last_login_null	2025-12-03 17:28:50.248189+00
11	auth	0006_require_contenttypes_0002	2025-12-03 17:28:50.249163+00
12	auth	0007_alter_validators_add_error_messages	2025-12-03 17:28:50.252196+00
13	auth	0008_alter_user_username_max_length	2025-12-03 17:28:50.257337+00
14	auth	0009_alter_user_last_name_max_length	2025-12-03 17:28:50.260117+00
15	auth	0010_alter_group_name_max_length	2025-12-03 17:28:50.262719+00
16	auth	0011_update_proxy_permissions	2025-12-03 17:28:50.265055+00
17	auth	0012_alter_user_first_name_max_length	2025-12-03 17:28:50.267228+00
18	sessions	0001_initial	2025-12-03 17:28:50.271241+00
19	tracking	0001_initial	2025-12-03 17:28:50.293092+00
20	tracking	0002_lorryroute	2025-12-06 13:21:58.122985+00
21	tracking	0003_lorryroute_distance_meters_and_more	2025-12-06 15:28:57.410538+00
22	tracking	0005_lorry_user_field	2025-12-07 14:47:37.224381+00
23	tracking	0006_roles_and_lorry_users	2025-12-07 14:48:08.93274+00
24	tracking	0004_lorry_user_field	2025-12-07 15:28:06.988106+00
25	tracking	0005_seed_lorry_users	2025-12-07 15:28:18.605678+00
26	tracking	0006_link_existing_lorry_users	2025-12-07 15:39:06.140769+00
\.


--
-- Data for Name: django_session; Type: TABLE DATA; Schema: public; Owner: postgres
--

COPY public.django_session (session_key, session_data, expire_date) FROM stdin;
085xydpvfmicmqneyf80k5hj4lw377k3	.eJxVjEEOwiAQRe_C2hBgwKEu3XsGMsBUqgaS0q6MdzckXej2v_f-WwTatxL2zmtYsrgILU6_W6T05DpAflC9N5la3dYlyqHIg3Z5a5lf18P9OyjUy6jRqJmjY0-aHILFpCemxDkCgiZMyqvokqOoUBsw1nhHMIOzE3o-i88X7_E3lQ:1vQtqG:a2BieCQTASKYu7gCdejKFq9yrJARpHa_yZKRQlGNaHc	2025-12-17 20:52:52.731123+00
8m2ompy0a8qljfyaevmf2x3qy2f2jfqo	.eJxVjEEOwiAQRe_C2hBgwKEu3XsGMsBUqgaS0q6MdzckXej2v_f-WwTatxL2zmtYsrgILU6_W6T05DpAflC9N5la3dYlyqHIg3Z5a5lf18P9OyjUy6jRqJmjY0-aHILFpCemxDkCgiZMyqvokqOoUBsw1nhHMIOzE3o-i88X7_E3lQ:1vRzCS:0NK5hr0S0vTuz3mxUSdQG76XvXedBPgH4g72yvurH6U	2025-12-20 20:48:16.22129+00
70pw0en2e4wry522yjvg2mgy8ucjas6r	.eJxVjEEOwiAQRe_C2hBgwKEu3XsGMsBUqgaS0q6MdzckXej2v_f-WwTatxL2zmtYsrgILU6_W6T05DpAflC9N5la3dYlyqHIg3Z5a5lf18P9OyjUy6jRqJmjY0-aHILFpCemxDkCgiZMyqvokqOoUBsw1nhHMIOzE3o-i88X7_E3lQ:1vS0yz:oAhtcRBV_OeyxLLPPZu65JlmjGcN_C1Z5SJ7dqp0gN4	2025-12-20 22:42:29.843371+00
c70evnc29fhont7lmfyf2xduk8s5sa9k	.eJxVjEEOwiAQRe_C2hBgwKEu3XsGMsBUqgaS0q6MdzckXej2v_f-WwTatxL2zmtYsrgILU6_W6T05DpAflC9N5la3dYlyqHIg3Z5a5lf18P9OyjUy6jRqJmjY0-aHILFpCemxDkCgiZMyqvokqOoUBsw1nhHMIOzE3o-i88X7_E3lQ:1vSGra:ROzYHCyWSD0rQRmP27b9gav1c9iL0o1TQtqKYaZvIEk	2025-12-21 15:39:54.566275+00
fqgj5fttx9ay4trybonxgruhqj9okmpr	.eJxVjEEOwiAQRe_C2hBgwKEu3XsGMsBUqgaS0q6MdzckXej2v_f-WwTatxL2zmtYsrgILU6_W6T05DpAflC9N5la3dYlyqHIg3Z5a5lf18P9OyjUy6jRqJmjY0-aHILFpCemxDkCgiZMyqvokqOoUBsw1nhHMIOzE3o-i88X7_E3lQ:1vSHaq:uiPzVCAk6o3g36hPZCqqI34iVftfLddmANuIij1KULQ	2025-12-21 16:26:40.260576+00
fw3binkxex4obctsnpniz1o2ib3dag21	.eJxVjDsOwjAQBe_iGln-ZW1T0nMGa9cfHEC2FCcV4u4QKQW0b2beiwXc1hq2kZcwJ3Zmkp1-N8L4yG0H6Y7t1nnsbV1m4rvCDzr4taf8vBzu30HFUb-1A60FGFSeAIuYSsyApniyHoA8kYiojBVSGw3SWD25lMFKobxx2UX2_gDLWDbs:1vSZqc:dWwjwzCzzG9vM81JrbEGksQD4Py1P8LF6SL9he5c8U4	2025-12-22 11:56:10.637709+00
vngsyo9qp5h1tebf4hxer762edyoot50	.eJxVjEEOgjAQRe_StWnaoS3g0r1nIDOdGYsaSCisjHdXEha6_e-9_zIDbmsZtirLMLI5m86cfjfC_JBpB3zH6TbbPE_rMpLdFXvQaq8zy_NyuH8HBWv51hFJPGkMooy-gRCbTgCdA261V3EqTOAghRYTgvPCAErca445EZv3BwlrOQw:1vSb4c:Kt4R6ZLiPQxRLMD1W9AdvjyNXRIZ3WkZGN7kvmwWQrM	2025-12-22 13:14:42.145484+00
uxnugaeb6rftzzozgv9rjgn4km8g82x6	.eJxVjDsOwjAQBe_iGln-ZW1T0nMGa9cfHEC2FCcV4u4QKQW0b2beiwXc1hq2kZcwJ3Zmkp1-N8L4yG0H6Y7t1nnsbV1m4rvCDzr4taf8vBzu30HFUb-1A60FGFSeAIuYSsyApniyHoA8kYiojBVSGw3SWD25lMFKobxx2UX2_gDLWDbs:1vSb7b:JqFhfCTJPb_s12d4Gd9GakNSv3IoO1JmXgV9WlzvDrU	2025-12-22 13:17:47.03727+00
dt6qqr01gfd5h9asxg7u5u4686061mzh	.eJxVjDsOwjAQBe_iGln-ZW1T0nMGa9cfHEC2FCcV4u4QKQW0b2beiwXc1hq2kZcwJ3Zmkp1-N8L4yG0H6Y7t1nnsbV1m4rvCDzr4taf8vBzu30HFUb-1A60FGFSeAIuYSsyApniyHoA8kYiojBVSGw3SWD25lMFKobxx2UX2_gDLWDbs:1vSg8a:Lqf5QqBbaCFZxKWxIFOEEIDSdS0fIRdD_Cf4d4theF0	2025-12-22 18:39:08.974644+00
\.


--
-- Data for Name: spatial_ref_sys; Type: TABLE DATA; Schema: public; Owner: postgres
--

COPY public.spatial_ref_sys (srid, auth_name, auth_srid, srtext, proj4text) FROM stdin;
\.


--
-- Data for Name: tracking_county; Type: TABLE DATA; Schema: public; Owner: postgres
--

COPY public.tracking_county (id, name, polygon) FROM stdin;
\.


--
-- Data for Name: tracking_location; Type: TABLE DATA; Schema: public; Owner: postgres
--

COPY public.tracking_location (id, point, "timestamp", current_county, lorry_id) FROM stdin;
2	0101000020E61000000AD7A3703D0A19C0CDCCCCCCCCAC4A40	2025-12-03 21:46:25.918877+00	Dublin	2
3	0101000020E610000087F81DE4C71719C03D70810418A44A40	2025-12-03 22:02:57.877496+00		2
4	0101000020E610000087F81DE4C71719C03D70810418A44A40	2025-12-03 22:02:57.936909+00		2
5	0101000020E61000003946A4E4C71719C0CBFE8D0418A44A40	2025-12-03 22:02:57.987941+00		2
6	0101000020E61000005357F6E5C71719C042C9AD0418A44A40	2025-12-03 22:02:58.037973+00		2
7	0101000020E61000000940F5FF3CFC21C0E4C7924484A74A40	2025-12-04 17:41:38.392924+00	Galway	4
8	0101000020E61000002AA2A927CC1719C02148F0CF18A44A40	2025-12-04 17:45:06.97378+00		2
9	0101000020E61000002AA2A927CC1719C02148F0CF18A44A40	2025-12-04 17:45:07.032047+00		2
10	0101000020E6100000B9D98E27CC1719C06BB7EFCF18A44A40	2025-12-04 17:45:07.083339+00		2
11	0101000020E6100000C26A9C27CC1719C01800F0CF18A44A40	2025-12-04 17:45:07.13368+00		2
12	0101000020E610000040D7BDFFC91719C01273EEEF18A44A40	2025-12-04 17:46:01.246301+00		2
13	0101000020E610000040D7BDFFC91719C01273EEEF18A44A40	2025-12-04 17:46:01.303064+00		2
14	0101000020E6100000049794FEC91719C0A90DFFEF18A44A40	2025-12-04 17:46:01.353239+00		2
15	0101000020E61000003A5654FFC91719C00544F4EF18A44A40	2025-12-04 17:46:01.403405+00		2
16	0101000020E61000003A5654FFC91719C00544F4EF18A44A40	2025-12-04 17:46:30.893712+00		2
17	0101000020E6100000AA0D98FFC91719C0A574F0EF18A44A40	2025-12-04 17:46:30.952087+00		2
18	0101000020E61000006B3494FFC91719C022ACF0EF18A44A40	2025-12-04 17:46:31.003706+00		2
19	0101000020E61000006B3494FFC91719C022ACF0EF18A44A40	2025-12-04 17:46:31.054109+00		2
20	0101000020E6100000A8E492FFC91719C00CBFF0EF18A44A40	2025-12-04 17:46:31.104402+00		2
21	0101000020E6100000A5B992FFC91719C078C1F0EF18A44A40	2025-12-04 17:46:31.154784+00		2
22	0101000020E610000060FE87FFC91719C0365CF1EF18A44A40	2025-12-04 17:46:36.29181+00		2
23	0101000020E6100000950D92FFC91719C029CBF0EF18A44A40	2025-12-04 17:46:42.334647+00		2
24	0101000020E6100000365893FFC91719C08AB8F0EF18A44A40	2025-12-04 17:46:48.368027+00		2
25	0101000020E6100000CBE8DC1AD11719C022A02C1E19A44A40	2025-12-04 17:46:54.845441+00		2
26	0101000020E61000009BE52DCBC61719C0690CA2EA17A44A40	2025-12-04 17:49:30.236644+00		2
27	0101000020E61000009BE52DCBC61719C0690CA2EA17A44A40	2025-12-04 17:49:30.295439+00		2
28	0101000020E6100000F32F75C9C61719C0C7A78FEA17A44A40	2025-12-04 17:49:30.34623+00		2
29	0101000020E61000006F00FDC9C61719C0F6DC95EA17A44A40	2025-12-04 17:49:30.396346+00		2
30	0101000020E61000005F135748C21719C072C24EB117A44A40	2025-12-04 17:49:30.688325+00		2
31	0101000020E61000004D8C5104CF1719C0C55962C918A44A40	2025-12-06 12:32:04.392957+00		2
32	0101000020E61000004D8C5104CF1719C0C55962C918A44A40	2025-12-06 12:32:04.455072+00		2
33	0101000020E610000098D33D04CF1719C0821D60C918A44A40	2025-12-06 12:32:04.506274+00		2
34	0101000020E6100000DB5B4704CF1719C02A3261C918A44A40	2025-12-06 12:32:04.559749+00		2
35	0101000020E6100000DB5B4704CF1719C02A3261C918A44A40	2025-12-06 12:33:55.233169+00		2
36	0101000020E6100000DB5B4704CF1719C02A3261C918A44A40	2025-12-06 12:33:55.288879+00		2
37	0101000020E610000030631CC4CA1719C08E31948C18A44A40	2025-12-06 12:33:55.690894+00		2
38	0101000020E610000034EEAFCAC41719C04D4EA98517A44A40	2025-12-06 12:38:56.247178+00		2
39	0101000020E6100000FD17EF7F57481CC013E48E0087EA4A40	2025-12-06 14:21:55.172021+00	Cavan	5
40	0101000020E61000002A65A0FFDE1719C0A666F27F1AA44A40	2025-12-06 15:19:30.917161+00		2
41	0101000020E61000002A65A0FFDE1719C0A666F27F1AA44A40	2025-12-06 15:19:30.976415+00		2
42	0101000020E6100000C3365D81CE1719C0215CFEE218A44A40	2025-12-06 15:19:31.371677+00		2
43	0101000020E6100000C3365D81CE1719C0215CFEE218A44A40	2025-12-06 15:19:46.758395+00		2
44	0101000020E61000000E6D2481CE1719C08EB8F8E218A44A40	2025-12-06 15:19:46.817006+00		2
45	0101000020E6100000DE544781CE1719C0A22FFCE218A44A40	2025-12-06 15:19:46.867533+00		2
46	0101000020E6100000DE544781CE1719C0A22FFCE218A44A40	2025-12-06 15:19:46.917607+00		2
47	0101000020E6100000035A5281CE1719C0CB47FDE218A44A40	2025-12-06 15:19:46.967412+00		2
48	0101000020E61000007C385181CE1719C0082BFDE218A44A40	2025-12-06 15:19:47.017557+00		2
50	0101000020E6100000C2E8EF3F51EA1AC0CC4E5598F5664A40	2025-12-06 18:37:11.991365+00	Carlow	6
51	0101000020E61000004075F4DF3B4923C0FA436F8D81574A40	2025-12-06 19:01:49.803495+00	Clare	13
52	0101000020E6100000F410F0FF6BA61AC022234FDE1CD34A40	2025-12-06 19:02:52.507685+00	Meath	7
53	0101000020E610000079CCEFFF9F171BC0A70FA6DBB9C64A40	2025-12-06 20:49:06.742926+00	Cavan	5
54	0101000020E61000005E6DEE7F0D641DC0A7976F14A5FF4A40	2025-12-06 20:50:31.417657+00	\N	5
55	0101000020E610000076D9FC07E11719C0012816EC18A44A40	2025-12-06 21:39:55.274158+00		2
56	0101000020E610000076D9FC07E11719C0012816EC18A44A40	2025-12-06 21:39:55.335417+00		2
57	0101000020E6100000FC16C9EEE01719C002ABCFEA18A44A40	2025-12-06 21:39:55.399042+00		2
58	0101000020E6100000A911D9D7E01719C02B348DE918A44A40	2025-12-06 21:39:55.457524+00		2
59	0101000020E610000075966297FE1419C0A7846A65C4A34A40	2025-12-06 21:43:01.71129+00		2
60	0101000020E610000075966297FE1419C0A7846A65C4A34A40	2025-12-06 21:43:01.777954+00		2
61	0101000020E6100000ACCF9BB1F71419C037AA5C39C4A34A40	2025-12-06 21:43:01.839382+00		2
62	0101000020E610000064D23732F91419C025F72945C4A34A40	2025-12-06 21:43:01.901153+00		2
63	0101000020E61000008754B105BA1419C0AEC081CBC3A34A40	2025-12-06 21:43:02.03551+00		2
64	0101000020E61000003D4E69A6251419C0523D9EC1C3A34A40	2025-12-06 21:43:02.148495+00		2
65	0101000020E610000001305169EB1319C059398029B9A34A40	2025-12-06 21:44:02.809227+00		2
66	0101000020E61000000AF63B8BA50D19C076D67BD53DA34A40	2025-12-06 21:45:04.152883+00		2
67	0101000020E6100000C14BFBDF850A19C0DA2672ED04A34A40	2025-12-06 21:46:03.919984+00		2
68	0101000020E6100000BB98181D6A0A19C0C1B4CE7205A34A40	2025-12-06 21:47:04.064396+00		2
69	0101000020E6100000FE285C8F2A0619C0C9CCCCCCD7A24A40	2025-12-06 21:49:16.774901+00		2
70	0101000020E6100000FE285C8F2A0619C0C9CCCCCCD7A24A40	2025-12-06 21:49:16.841269+00		2
71	0101000020E6100000FF285C8F2A0619C0CBCCCCCCD7A24A40	2025-12-06 21:49:16.900542+00		2
72	0101000020E6100000005AFE57C31719C0B2BA0D9F18A44A40	2025-12-06 22:11:21.779452+00		2
73	0101000020E6100000005AFE57C31719C0B2BA0D9F18A44A40	2025-12-06 22:11:21.838087+00		2
74	0101000020E61000008B5BF5B1C31719C08C8F548818A44A40	2025-12-06 22:11:21.898025+00		2
75	0101000020E6100000E2F446B8C31719C0CCFCBB8618A44A40	2025-12-06 22:11:21.954033+00		2
76	0101000020E6100000B776F22FCA1719C01C17E88D18A44A40	2025-12-07 09:26:25.983037+00		2
77	0101000020E6100000AC428FC2CF1719C0C16C204119A44A40	2025-12-07 09:26:33.808461+00		2
78	0101000020E6100000BF77011EC91719C02DE6205D18A44A40	2025-12-07 13:54:59.349283+00		2
79	0101000020E6100000185BD41DC91719C03F801B5D18A44A40	2025-12-07 13:55:09.395339+00		2
80	0101000020E6100000EDF9E41DC91719C0C1791D5D18A44A40	2025-12-07 13:55:19.393801+00		2
81	0101000020E6100000231AE41DC91719C0885F1D5D18A44A40	2025-12-07 13:55:29.353017+00		2
82	0101000020E6100000ADF5DCFBCE1719C092ED41E718A44A40	2025-12-07 14:52:17.008011+00		2
83	0101000020E61000001D2E8E5ACC1719C08C0040CD18A44A40	2025-12-07 14:52:27.035935+00		2
84	0101000020E61000004ADB895ACC1719C09DD63FCD18A44A40	2025-12-07 14:52:37.044352+00		2
85	0101000020E610000063E3D86FD51719C0A783EFAF18A44A40	2025-12-07 15:01:54.821582+00		13
86	0101000020E610000063EA9D5FD61719C07364EF4719A44A40	2025-12-07 15:02:04.853674+00		13
87	0101000020E61000009F9B9D5FD61719C012E3EF4719A44A40	2025-12-07 15:02:14.862711+00		13
88	0101000020E61000009F38E31FCE1719C0CF60ECEF17A44A40	2025-12-07 15:08:07.693144+00		2
89	0101000020E61000001924F7BFD11719C06510ECFF18A44A40	2025-12-07 15:16:28.276817+00		2
90	0101000020E6100000014DF057CF1719C008B5C44E19A44A40	2025-12-07 15:16:38.90709+00		2
91	0101000020E6100000CF34ED57CF1719C0B517C54E19A44A40	2025-12-07 15:16:48.912225+00		2
92	0101000020E61000002481ED57CF1719C0900EC54E19A44A40	2025-12-07 15:16:58.910244+00		2
93	0101000020E610000004F1F0FFB53019C00ED07E821DA44A40	2025-12-07 15:17:37.79579+00	Dublin	2
94	0101000020E6100000C183ED57CF1719C01310C54E19A44A40	2025-12-07 15:18:19.948441+00		2
95	0101000020E61000008A2ED028C71719C0828A5A6918A44A40	2025-12-07 15:18:30.025174+00		2
96	0101000020E6100000B83E8613C41719C0D8D2207318A44A40	2025-12-07 15:46:36.021171+00		13
97	0101000020E610000050AD1004C91719C09241B91E18A44A40	2025-12-07 15:46:46.069789+00		13
98	0101000020E6100000A7A702DFC81719C0C1C1481E18A44A40	2025-12-07 15:46:56.04302+00		13
99	0101000020E6100000D3E14DD3C81719C01C8D241E18A44A40	2025-12-07 15:47:43.511414+00		5
100	0101000020E61000009D3852D3C81719C0FB9E241E18A44A40	2025-12-07 15:47:53.525641+00		5
101	0101000020E61000004A02F0FF07BF1AC0A1BBFE8FC3D34A40	2025-12-07 15:51:42.819332+00	\N	5
102	0101000020E6100000A7DBF43F65A222C0D7BEB0B93A5C4A40	2025-12-07 15:52:00.332212+00	\N	13
103	0101000020E6100000D6AF81DCCD1719C0FBDBD15D18A44A40	2025-12-07 15:52:55.631129+00		2
104	0101000020E61000004562283BC81719C08DB772C718A44A40	2025-12-07 15:53:05.687556+00		2
105	0101000020E61000006CDBF0FFEB5419C03DD69BC2FDAF4A40	2025-12-07 15:59:26.859283+00	\N	2
106	0101000020E610000034A2A02DD01719C0969A384719A44A40	2025-12-07 16:00:24.401271+00		2
107	0101000020E610000034A2A02DD01719C0969A384719A44A40	2025-12-07 16:00:34.409407+00		2
108	0101000020E6100000D9E3CA85D11719C092494EBC18A44A40	2025-12-07 16:23:43.204794+00		13
109	0101000020E6100000D9E3CA85D11719C092494EBC18A44A40	2025-12-07 16:23:53.230735+00		13
110	0101000020E61000002A828F90CB1719C07AEA02FE18A44A40	2025-12-07 16:25:43.666015+00		13
111	0101000020E61000000BFF18A0D11719C0ED8D5D7718A44A40	2025-12-07 16:25:53.732207+00		13
112	0101000020E610000053C2D1E8CD1719C0786A0A9718A44A40	2025-12-07 16:26:44.125881+00		2
113	0101000020E610000040EB90B0D41719C0C964E3FC18A44A40	2025-12-07 16:31:38.971904+00		2
114	0101000020E6100000F42AF49BC91719C0A05D48E618A44A40	2025-12-07 16:32:44.042448+00		2
115	0101000020E610000094DB4A20D51719C0898BDD9F17A44A40	2025-12-07 16:33:21.912977+00		13
116	0101000020E61000008EA8BBC1C61719C0B52E3F8B18A44A40	2025-12-07 16:33:45.992543+00		13
117	0101000020E61000000AACF4FF43F422C06715EF5EC7514A40	2025-12-07 17:55:04.298969+00	\N	13
118	0101000020E6100000945ADEF2CD1719C0887C8FF918A44A40	2025-12-08 13:03:22.268392+00		2
119	0101000020E6100000945ADEF2CD1719C0887C8FF918A44A40	2025-12-08 13:03:22.343974+00		2
120	0101000020E6100000F818E8F2CD1719C042EE8FF918A44A40	2025-12-08 13:03:22.406917+00		2
121	0101000020E610000059B1E9F2CD1719C0E10090F918A44A40	2025-12-08 13:03:22.467+00		2
122	0101000020E6100000F818E8F2CD1719C042EE8FF918A44A40	2025-12-08 13:03:28.935777+00		2
123	0101000020E61000006865E6F2CD1719C065DA8FF918A44A40	2025-12-08 13:03:28.996413+00		2
124	0101000020E6100000DEC7E2F2CD1719C02FB08FF918A44A40	2025-12-08 13:03:29.053304+00		2
125	0101000020E6100000B44BE7F2CD1719C0E5E48FF918A44A40	2025-12-08 13:03:29.109981+00		2
126	0101000020E6100000EC81E7F2CD1719C05EE78FF918A44A40	2025-12-08 13:03:29.16575+00		2
127	0101000020E6100000D76E8CF7CA1719C07147F72F19A44A40	2025-12-08 13:08:29.555701+00		2
128	0101000020E6100000D76E8CF7CA1719C07147F72F19A44A40	2025-12-08 13:14:10.842081+00		2
129	0101000020E6100000EC0670FFD01719C04A12ED3F19A44A40	2025-12-08 13:14:54.076619+00		13
130	0101000020E6100000EC0670FFD01719C04A12ED3F19A44A40	2025-12-08 13:14:54.143922+00		13
131	0101000020E6100000CD4160FFD01719C06DFEEC3F19A44A40	2025-12-08 13:14:54.211138+00		13
132	0101000020E61000003DB25EFFD01719C076FCEC3F19A44A40	2025-12-08 13:14:54.275645+00		13
133	0101000020E6100000D2F31A7DD61719C0400CEEAD19A44A40	2025-12-08 13:14:54.492721+00		13
134	0101000020E610000018E55930D81719C0FB7EFDCF19A44A40	2025-12-08 13:17:14.28213+00		13
135	0101000020E61000003E747391B41719C0307137F217A44A40	2025-12-08 13:18:01.10054+00		13
136	0101000020E61000003E747391B41719C0307137F217A44A40	2025-12-08 13:18:01.161299+00		13
137	0101000020E610000095A4EF91B41719C0DC933DF217A44A40	2025-12-08 13:18:01.216223+00		13
138	0101000020E6100000CE050992B41719C0E6D43EF217A44A40	2025-12-08 13:18:01.279474+00		13
139	0101000020E610000075A8F4FF13F722C0A78F2DFCFD514A40	2025-12-08 13:18:22.996707+00	\N	13
140	0101000020E6100000DB0898D7D82A19C0609AE6B72CA44A40	2025-12-08 18:38:44.136911+00		2
141	0101000020E61000001802FF29C22A19C0DA1943152BA44A40	2025-12-08 18:39:21.264003+00		2
142	0101000020E61000000F74BD2AC22A19C0EC5357152BA44A40	2025-12-08 18:39:31.334116+00		2
143	0101000020E6100000569EACFFC71719C025F0F34318A44A40	2025-12-08 20:32:03.415475+00		2
144	0101000020E6100000569EACFFC71719C025F0F34318A44A40	2025-12-08 20:32:03.482777+00		2
145	0101000020E6100000E11F124DBE1719C04464A0AA17A44A40	2025-12-08 20:32:03.878231+00		2
\.


--
-- Data for Name: tracking_lorry; Type: TABLE DATA; Schema: public; Owner: postgres
--

COPY public.tracking_lorry (id, name, created_at, user_id) FROM stdin;
2	JakeMac	2025-12-03 21:40:32.530236+00	3
4	Lorry2Galway	2025-12-04 17:40:48.119195+00	4
5	Lorry5Cavan	2025-12-06 14:20:30.397345+00	5
6	Lorry6Carlow	2025-12-06 18:25:21.410998+00	6
7	Lorry7Meath	2025-12-06 18:52:39.299877+00	7
13	Lorry8Clare	2025-12-06 19:00:04.811046+00	8
\.


--
-- Data for Name: tracking_lorryroute; Type: TABLE DATA; Schema: public; Owner: postgres
--

COPY public.tracking_lorryroute (id, path, destination, created_at, lorry_id, distance_meters, travel_time_seconds) FROM stdin;
21	0102000020E61000005F0400007940D9942BFC21C04148163081A74A4096438B6CE7FB21C0DD0720B589A74A4024624A24D1FB21C0963E74417DA74A4041BCAE5FB0FB21C016139B8F6BA74A402497FF907EFB21C0815B77F354A74A400938842A35FB21C06553AEF02EA74A40B3EA73B515FB21C002D9EBDD1FA74A40986E1283C0FA21C0EDF5EE8FF7A64A40D1E80E6267FA21C07BDAE1AFC9A64A4060B01BB62DFA21C0184339D1AEA64A400A80F10C1AFA21C0ED2AA4FCA4A64A4027A089B0E1F921C0FB3A70CE88A64A4044FAEDEBC0F921C05114E81379A64A40EFE6A90EB9F921C0833463D174A64A40617138F3ABF921C0CAE0287975A64A40D2FBC6D79EF921C0CAE0287975A64A40448655BC91F921C03C889D2974A64A40611A868F88F921C0D105F52D73A64A409A5FCD0182F921C01FD7868A71A64A400C0742B280F921C0032670EB6EA64A409A5FCD0182F921C075CDE49B6DA64A40D3C1FA3F87F921C0C39E76F86BA64A40448655BC91F921C0ED9925016AA64A407DE882FA96F921C0CAC342AD69A64A40D2FBC6D79EF921C0A6ED5F5969A64A4028D53E1D8FF921C0352905DD5EA64A409A5FCD0182F921C027C286A757A64A40B6F3FDD478F921C0350C1F1153A64A40D313967840F921C067F2CD3637A64A40456458C51BF921C0E7C6F48425A64A40454772F90FF921C092B3B0A71DA64A40295C8FC2F5F821C0B56CAD2F12A64A40293FA9F6E9F821C0A0E062450DA64A40B75D68AED3F821C0C4995FCD01A64A402B357BA015F821C0280F0BB5A6A54A40800EF3E505F821C0FDF675E09CA54A40F2B5679604F821C09274CDE49BA54A400E10CCD1E3F721C05AF5B9DA8AA54A40B9C2BB5CC4F721C04C7155D977A54A40F20703CFBDF721C0A167B3EA73A54A40B988EFC4ACF721C005A8A9656BA54A408126C286A7F721C00CCD751A69A54A4080B74082E2F721C01A170E8464A54A40B9196EC0E7F721C0F6402B3064A54A40632827DA55F821C00CB08F4E5DA54A40D44334BA83F821C0EFFE78AF5AA54A40B8E9CF7EA4F821C0F623456458A54A407FDE54A4C2F821C0DA722EC555A54A4062F3716DA8F821C0533F6F2A52A54A407F87A2409FF821C0A110018750A54A40B8AF03E78CF821C0AF5A99F04BA54A40639CBF0985F821C0DA5548F949A54A407F30F0DC7BF821C00551F70148A54A402A1DACFF73F821C0304CA60A46A54A406362F3716DF821C07E1D386744A54A40F20C1AFA27F821C08C4AEA0434A54A402D5BEB8B84F621C09BAC510FD1A44A40115322895EF621C0DB166536C8A44A404A24D1CB28F621C07077D66EBBA44A4067B8019F1FF621C0789CA223B9A44A40BC9179E40FF621C05BEB8B84B6A44A402E1C08C902F621C0CD920035B5A44A4012BD8C62B9F521C0D49AE61DA7A44A40A1DB4B1AA3F521C0713D0AD7A3A44A40BD5296218EF521C07862D68BA1A44A404C8E3BA583F521C00DE02D90A0A44A4085B69C4B71F521C07F87A2409FA44A4068E89FE062F521C038DBDC989EA44A40F7E978CC40F521C0CD58349D9DA44A40DAFE959526F521C0CD58349D9DA44A40A245B6F3FDF421C038DBDC989EA44A4030F0DC7BB8F421C02A91442FA3A44A40A3AF20CD58F421C0F14BFDBCA9A44A4087E123624AF421C0F14BFDBCA9A44A4031B1F9B836F421C05BCEA5B8AAA44A4087A2409FC8F321C03F3A75E5B3A44A406BD44334BAF321C0A9BC1DE1B4A44A40C11C3D7E6FF321C04DA1F31ABBA44A4033164D6727F321C0A9D903ADC0A44A406FF085C954F121C077103B53E8A44A403CF71E2E39EE21C0C58F31772DA54A40CBBE2B82FFED21C0DA1B7C6132A54A409274CDE49BED21C09AB1683A3BA54A4022FDF675E0EC21C045D8F0F44AA54A405CACA8C134EC21C01AFA27B858A54A40B28009DCBAEB21C0FE65F7E461A54A40ECDD1FEF55EB21C00CCD751A69A54A405F419AB168EA21C0B6F3FDD478A54A40991249F432EA21C01A51DA1B7CA54A40992A1895D4E921C07689EAAD81A54A40F0332E1C08E921C053D0ED258DA54A402A1DACFF73E821C0840D4FAF94A54A409D9D0C8E92E721C0D2FBC6D79EA54A402D431CEBE2E621C0E162450DA6A54A406649809A5AE621C0F6EE8FF7AAA54A401349F4328AE521C0E17F2BD9B1A54A40BED9E6C6F4E421C0AF5FB01BB6A54A4015747B4963E421C036936FB6B9A54A40888043A852E321C06FF59CF4BEA54A406D73637AC2E221C044FAEDEBC0A54A4050C24CDBBFE221C044FAEDEBC0A54A406FBBD05CA7E121C08481E7DEC3A54A40FFCF61BEBCE021C012DA722EC5A54A40E38DCC237FE021C036B05582C5A54A40E6965643E2DE21C00BB5A679C7A54A4021938C9C85DD21C0990D32C9C8A54A40B0726891EDDC21C0E0B9F770C9A54A4078D1579066DC21C02766BD18CAA54A40ECDD1FEF55DB21C092E86514CBA54A40425BCEA5B8DA21C0D9942BBCCBA54A40D39FFD4811D921C0AF997CB3CDA54A40D6C56D3480D721C060C8EA56CFA54A402D5BEB8B84D621C0CB4A9352D0A54A4012A0A696ADD521C036CD3B4ED1A54A4014799274CDD421C0E7FBA9F1D2A54A40DDD26A48DCD321C02783A3E4D5A54A408811C2A38DD321C092054CE0D6A54A40A6D590B8C7D221C0F6622827DAA54A406D1CB1169FD221C060E5D022DBA54A40A83AE466B8D121C0529B38B9DFA54A40AA8251499DD021C03D2CD49AE6A54A40AC1C5A643BCF21C0AEF02E17F1A54A403CDA38622DCE21C0B532E197FAA54A4022FDF675E0CC21C0677E350708A64A405CC98E8D40CC21C0520FD1E80EA64A4024287E8CB9CB21C0F5F3A62215A64A40999EB0C403CA21C043FF04172BA64A407D0569C6A2C921C035B56CAD2FA64A40B6B9313D61C921C05166834C32A64A40295C8FC2F5C821C067F2CD3637A64A409CBF098508C821C04A5E9D6340A64A40D717096D39C721C035EF384547A64A40117008556AC621C0B5FD2B2B4DA64A402F17F19D98C521C0CA89761552A64A40F7C77BD5CAC421C07593180456A64A40A4703D0AD7C321C0FCC6D79E59A64A40350C1F1153C221C0CAA65CE15DA64A4054742497FFC021C051DA1B7C61A64A408EE9094B3CC021C04AB54FC763A64A4092B3B0A71DBE21C0CAC342AD69A64A40069E7B0F97BC21C02D211FF46CA64A4025404D2D5BBB21C0DF4F8D976EA64A4009168733BFBA21C0032670EB6EA64A40618E1EBFB7B921C026FC523F6FA64A40611A868F88B921C0032670EB6EA64A409B728577B9B821C0DF4F8D976EA64A40BA1457957DB721C02D211FF46CA64A401288D7F50BB621C0ED9925016AA64A40D97745F0BFB521C0A6ED5F5969A64A404E7FF62345B421C09161156F64A64A406CB2463D44B321C0C381902C60A64A40A52C431CEBB221C0352905DD5EA64A40185B087250B221C0F5A10BEA5BA64A40548CF337A1B021C02EE7525C55A64A40AB21718FA5AF21C083DDB06D51A64A401D7233DC80AF21C0185B087250A64A4002F1BA7EC1AE21C0FCA9F1D24DA64A40AD2F12DA72AE21C027A5A0DB4BA64A402159C0046EAD21C07C9BFEEC47A64A40787AA52C43AC21C02063EE5A42A64A40ED647094BCAA21C058A835CD3BA64A405F7B664980AA21C0EE258DD13AA64A402922C32ADEA821C0E0BE0E9C33A64A402C2B4D4A41A721C0D15790662CA64A409E7B0F971CA721C08AABCABE2BA64A40103B53E8BCA621C0D97C5C1B2AA64A40A03715A930A621C0E0A128D027A64A40A18499B67FA521C0C3F0113125A64A4014AE47E17AA421C03CBD529621A64A40F9669B1BD3A321C08A8EE4F21FA64A40FC3559A31EA221C099D87C5C1BA64A40705F07CE19A121C07C2766BD18A64A407120240B98A021C0EECEDA6D17A64A40E57E87A2409F21C08B71FE2614A64A40E73A8DB4549E21C09296CADB11A64A40933A014D849D21C099BB96900FA64A40213CDA38629D21C099BB96900FA64A40938C9C853D9D21C075E5B33C0FA64A40B0389CF9D59C21C00B630B410EA64A4007B64AB0389C21C0C3B645990DA64A407B14AE47E19A21C01288D7F50BA64A400C93A982519921C044A852B307A64A402CD49AE61D9721C0D2E3F736FDA54A40494BE5ED089721C0AE0D15E3FCA54A40836E2F698C9621C04BB0389CF9A54A40DA5548F9499521C02098A3C7EFA54A40F7E461A1D69421C09964E42CECA54A4087FE092E569421C0A7AE7C96E7A54A40DC291DACFF9321C0207BBDFBE3A54A40A60F5D50DF9221C04434BA83D8A54A40C3BB5CC4779221C0527E52EDD3A54A408AC8B08A379221C012F758FAD0A54A408B89CDC7B59121C06F1283C0CAA54A405396218E759121C00BB5A679C7A54A40C6A2E9EC649021C0EFE6A90EB9A54A403A234A7B838F21C03D9B559FABA54A40ACA8C1340C8F21C02F34D769A4A54A403C31EBC5508E21C00B410E4A98A54A4004392861A68D21C00B24287E8CA54A40CD069964E48C21C0132C0E677EA54A4096438B6CE78B21C053793BC269A54A40B43C0FEECE8A21C09AEB34D252A54A40B51A12F7588A21C0B77F65A549A54A40EE08A7052F8A21C0304CA60A46A54A407C444C89248A21C0C5C9FD0E45A54A402844C021548921C021C8410933A54A40B7B41A12F78821C0613255302AA54A40622D3E05C08821C029D027F224A54A40475A2A6F478821C029B3412619A54A400EA14ACD1E8821C05BD3BCE314A54A40D5CA845FEA8721C022718FA50FA54A409D2E8B89CD8721C005C078060DA54A40D61C2098A38721C0130A117008A54A40BC79AA436E8621C0E9B7AF03E7A44A4084BBB376DB8521C022E010AAD4A44A40BD6F7CED998521C086200725CCA44A40BD18CA89768521C0DB166536C8A44A40F65D11FC6F8521C04DBED9E6C6A44A402FA3586E698521C00612143FC6A44A4013D55B035B8521C00D37E0F3C3A44A40A1F31ABB448521C0CDAFE600C1A44A40A4AA09A2EE8321C038BEF6CC92A44A40FB96395D168321C08655BC9179A44A40C286A757CA8221C0314278B471A44A4018096D39978221C0D50968226CA44A408A1F63EE5A8221C055FB743C66A44A40C4CE143AAF8121C0632827DA55A44A40E12879758E8121C023A12DE752A44A406F2A52616C8121C0E31934F44FA44A40E2E995B20C8121C06A300DC347A44A4038A11001878021C0D595CFF23CA44A40E4310395F17F21C040FB912232A44A403A234A7B837F21C00EBE30992AA44A40AC1C5A643B7F21C0F931E6AE25A44A401F680586AC7E21C05C72DC291DA44A40CB4A9352D07D21C05C55F65D11A44A40E8305F5E807D21C0B24B546F0DA44A40764F1E166A7D21C047C9AB730CA44A40E9D495CFF27C21C0EB909BE106A44A40787FBC57AD7C21C0CEDF844204A44A4095F1EF332E7C21C0B9533A58FFA34A4096E7C1DD597B21C06440F67AF7A34A40EE258DD13A7A21C01D774A07EBA34A40280F0BB5A67921C032E6AE25E4A34A40B7D100DE027921C0B9FC87F4DBA34A40D53E1D8F197821C02B8716D9CEA34A4082E7DEC3257721C00FB9196EC0A34A40672C9ACE4E7621C03997E2AAB2A34A404D2D5BEB8B7421C0D6FF39CC97A34A40C02154A9D97321C0643BDF4F8DA34A40E0DBF4673F7221C01630815B77A34A40FD6A0E10CC7121C0734BAB2171A34A40FE60E0B9F77021C0018750A566A34A40546F0D6C957021C033A7CB6262A34A40ABCFD556EC6F21C0481630815BA34A40AC8BDB68006F21C0AC5626FC52A34A4092B3B0A71D6E21C09EEFA7C64BA34A405BB6D617096D21C06CB2463D44A34A40088F368E586B21C06C95607138A34A407C2766BD186A21C0D0D556EC2FA34A40EFE6A90EB96921C06C787AA52CA34A40EFFE78AF5A6921C0739D465A2AA34A40F0DC7BB8E46821C010406A1327A34A407F30F0DC7B6821C0D0B8702024A34A4065DF15C1FF6621C082CAF8F719A34A4011E4A084996621C06519E25817A34A406A4DF38E536421C089D2DEE00BA34A4017D9CEF7536321C0744694F606A34A40A5A0DB4B1A6321C009C4EBFA05A34A408C2D0439286121C0BBD573D2FBA24A40A9D903ADC06021C0C2FA3F87F9A24A40E2016553AE6021C0C2FA3F87F9A24A403AE97DE36B5F21C0FB3F87F9F2A24A4090662C9ACE5E21C0740CC85EEFA24A4076543541D45D21C0897B2C7DE8A24A40AF946588635D21C002486DE2E4A24A4077BE9F1A2F5D21C074EFE192E3A24A4023DBF97E6A5C21C01EDC9DB5DBA24A40EBE2361AC05B21C0ED9E3C2CD4A24A40087767EDB65B21C0C9C859D8D3A24A40273108AC1C5A21C0DF1AD82AC1A24A40EFACDD76A15921C082E2C798BBA24A402A91442FA35821C0A69BC420B0A24A40F3936A9F8E5721C0ED2AA4FCA4A24A402DB29DEFA75621C0DFC325C79DA24A402D5BEB8B845621C09817601F9DA24A402EAD86C43D5621C07B6649809AA24A40D925AAB7065621C011E4A08499A24A40A032FE7DC65521C03BDF4F8D97A24A40A1100187505521C066DAFE9595A24A40DB6D179AEB5421C06DFFCA4A93A24A401618B2BAD55321C0E6CB0BB08FA24A40FB22A12DE75221C011C7BAB88DA24A40FDC1C073EF5121C0EDF0D7648DA24A40541D7233DC5021C011C7BAB88DA24A4071E65773805021C011C7BAB88DA24A4071E65773805021C011C7BAB88DA24A407311DF89594F21C03BC269C18BA24A40C98E8D40BC4E21C01F11532289A24A402041F163CC4D21C05131CEDF84A24A409352D0ED254D21C08351499D80A24A40B1F9B836544C21C02619390B7BA24A4024287E8CB94B21C0EDB60BCD75A24A40ED647094BC4A21C09FC893A46BA24A407C0A80F10C4A21C04AB54FC763A24A4029B34126194921C003ECA35357A24A40B8239C16BC4821C0CA89761552A24A40D47D00529B4821C0185B087250A24A402AE3DF675C4821C06E5166834CA24A40F224E99AC94721C04339D1AE42A24A40BBD05CA7914621C07C61325530A24A40F5B9DA8AFD4521C04A24D1CB28A24A406891ED7C3F4521C067B8019F1FA24A40A2EE0390DA4421C0522CB7B41AA24A40DDCD531D724321C0CBDB114E0BA24A40FB5C6DC5FE4221C0FCFB8C0B07A24A40352905DD5E4221C0E76F422102A24A40C3D32B65194221C0126BF12900A24A408BE07F2BD94121C01990BDDEFDA14A4036E50AEF724121C020B58993FBA14A401BBB44F5D64021C052D50451F7A14A401B2AC6F99B4021C0C47C7901F6A14A408E40BCAE5F4021C03524EEB1F4A14A40390B7BDAE13F21C0F59CF4BEF1A14A403A5D16139B3F21C08B1A4CC3F0A14A40C93CF207033F21C04B9352D0EDA14A4002D4D4B2B53E21C0E010AAD4ECA14A40213CDA38623D21C07DB3CD8DE9A14A40068195438B3C21C012312592E8A14A4078978BF84E3C21C012312592E8A14A405C381092053C21C012312592E8A14A40083D9B559F3B21C0EE5A423EE8A14A405E11FC6F253B21C012312592E8A14A40EE940ED6FF3921C0E7357689EAA14A407DD0B359F53921C0E7357689EAA14A4029ED0DBE303921C004E78C28EDA14A400DE02D90A03821C0446E861BF0A14A402BA4FCA4DA3721C0A7CB6262F3A14A409D9D0C8E923721C0124E0B5EF4A14A40103B53E8BC3621C09981CAF8F7A14A4011C7BAB88D3621C0BC57AD4CF8A14A4066666666663621C0040473F4F8A14A4067614F3BFC3521C0B532E197FAA14A40BE13B35E0C3521C0603C8386FEA14A4069520ABABD3421C0EE940ED6FFA14A40F819170E843421C07CED992501A24A40323D6189073421C052F2EA1C03A24A40156F641EF93321C075C8CD7003A24A4017821C94303321C0D925AAB706A24A40170E8464013321C020D26F5F07A24A406E8B321B643221C0605969520AA24A40E08442041C3221C0355EBA490CA24A40350708E6E83121C07C0A80F10CA24A40E292E34EE93021C043C5387F13A24A40738577B9882F21C043E21E4B1FA24A4074982F2FC02E21C0751F80D426A24A4002B7EEE6A92E21C0E0A128D027A24A40CBF3E0EEAC2D21C0E0BE0E9C33A24A4076A6D0798D2D21C091ED7C3F35A24A403ED00A0C592D21C08AC8B08A37A24A4023DBF97E6A2C21C0183E22A644A24A40401878EE3D2C21C035EF384547A24A4007EBFF1CE62B21C04A7B832F4CA24A407BA01518B22A21C0E657738060A24A400ABABDA4312A21C0CAC342AD69A24A4061A6ED5F592921C0BC96900F7AA24A40F12E17F19D2821C066BD18CA89A24A4048FE60E0B92721C0BBED42739DA24A40107A36AB3E2721C0C22FF5F3A6A24A40BBB88D06F02621C01F680586ACA24A404A24D1CB282621C0F4893C49BAA24A40BEC11726532521C0A6D590B8C7A24A40C0046EDDCD2321C0F4E0EEACDDA24A40FA9B5088802321C0C2C073EFE1A24A40A60F5D50DF2221C0A52C431CEBA24A40C364AA60542221C0B493C151F2A24A401A8BA6B3932121C0492EFF21FDA24A4053910A630B2121C07B6B60AB04A34A401E8A027D221F21C002D9EBDD1FA34A4076FD82DDB01D21C09EB5DB2E34A34A4093C6681D551D21C0D717096D39A34A4024D6E253001C21C0ECC039234AA34A4042B28009DC1A21C0338AE59656A34A402783A3E4D51921C05EA27A6B60A34A400D1AFA27B81821C01D38674469A34A40F146E6913F1821C05DBF60376CA34A402B137EA99F1721C02C9FE57970A34A40D7A3703D0A1721C06C26DF6C73A34A40F59CF4BEF11521C0C85EEFFE78A34A402EC55565DF1521C0EC34D25279A34A40BDA94885B11521C056B77A4E7AA34A4087A757CA321421C0D6C56D3480A34A40A4703D0AD71321C0641EF98381A34A40179AEB34D21221C0C87BD5CA84A34A40FD4D2844C01121C02BD9B11188A34A401B81785DBF1021C01D8F19A88CA34A401CB1169F021021C00F45813E91A34A408FC2F5285C0F21C024D1CB2896A34A401F115322890E21C0EB8B84B69CA34A4092AE997CB30D21C06475ABE7A4A34A40E92B4833160D21C0085A8121ABA34A40774A07EBFF0C21C072DC291DACA34A4040A4DFBE0E0C21C072F90FE9B7A34A40EDF5EE8FF70A21C0F949B54FC7A34A40274EEE77280A21C087BF266BD4A34A400C0742B2800921C04030478FDFA34A40B8019F1F460821C0D5E76A2BF6A34A4048DC63E9430721C0C7BAB88D06A44A40F3C81F0C3C0721C00E677E3507A44A4065FCFB8C0B0721C00742B28009A44A4011AAD4EC810621C0A301BC0512A44A4068E89FE0620521C0C0CFB87020A44A404D10751F800421C00EBE30992AA44A406B48DC63E90321C08ECC237F30A44A4087A2409FC80321C0F94ECC7A31A44A40A5660FB4020321C0E3DF675C38A44A406EFAB31F290221C087C43D963EA44A40FD4D2844C00121C0A375543541A44A408CF84ECC7A0121C0787AA52C43A44A407008556AF60021C0B8019F1F46A44A40AB9509BFD4FF20C0CE8DE9094BA44A40ADDD76A1B9FE20C0EA3E00A94DA44A40CA4FAA7D3AFE20C055C1A8A44EA44A403D7E6FD39FFD20C0E31934F44FA44A40CC0BB08F4EFD20C02AC6F99B50A44A40232D95B723FC20C0D5CF9B8A54A44A40410E4A9869FB20C0CEAACFD556A44A4027DA5548F9F920C0718FA50F5DA44A40B7B41A12F7F820C0AAF1D24D62A44A4048FE60E0B9F720C0DC2E34D769A44A402DEC6987BFF620C0A3E9EC6470A44A408351499D80F620C078EE3D5C72A44A40DAACFA5C6DF520C0CD0182397AA44A40153AAFB14BF420C0DC68006F81A44A406BF12900C6F320C0F819170E84A44A40C1ADBB79AAF320C03FC6DCB584A44A40164D672783F320C0639CBF0985A44A40FB96395D16F320C014CB2DAD86A44A40C3F0113125F220C00DA661F888A44A40E0B9F770C9F120C078280AF489A44A40A8E3310395F120C078280AF489A44A40374F75C8CDF020C0E3AAB2EF8AA44A40E4310395F1EF20C09BFEEC478AA44A40AC90F2936AEF20C0545227A089A44A4003CFBD874BEE20C014CB2DAD86A44A4004392861A6ED20C01CF0F96184A44A4022895E46B1EC20C02A3A92CB7FA44A40083D9B559FEB20C03FA9F6E978A44A407AFCDEA63FEB20C0DC4B1AA375A44A40098A1F63EEEA20C0E370E65773A44A407DD0B359F5E920C023DBF97E6AA44A40282CF180B2E920C0062AE3DF67A44A40B8239C16BCE820C0718FA50F5DA44A40F27B9BFEECE720C04777103B53A44A40D6390664AFE720C0E31934F44FA44A409E0C8E9257E720C0F163CC5D4BA44A40BB0A293FA9E620C09C50888043A44A40A1A17F828BE520C031B1F9B836A44A4069C6A2E9ECE420C08ECC237F30A44A40F86BB2463DE420C0C7116BF129A44A40FAB836548CE320C0232D95B723A44A40DFC325C79DE220C0399CF9D51CA44A40C30DF8FC30E220C0F91400E319A44A4052F2EA1C03E220C06ABC749318A44A40E21E4B1FBAE020C0397F130A11A44A40386744696FE020C0CEFC6A0E10A44A400000000000E020C0D52137C30DA44A40560E2DB29DDF20C0001DE6CB0BA44A4074982F2FC0DE20C09CBF098508A44A403CDA38622DDE20C0C7BAB88D06A44A40925CFE43FADD20C0C7BAB88D06A44A40CCB4FD2B2BDD20C0CEDF844204A44A40B0FECF61BEDC20C0AB09A2EE03A44A40EB73B515FBDB20C04087F9F202A44A405FD218ADA3DA20C0645DDC4603A44A407CB8E4B853DA20C0645DDC4603A44A40D23AAA9A20DA20C0AB09A2EE03A44A40D28C45D3D9D920C0CEDF844204A44A40B7627FD93DD920C039622D3E05A44A40B8E4B8533AD820C0323D618907A44A40800EF3E505D820C09CBF098508A44A40649291B3B0D720C0E36BCF2C09A44A406536C82423D720C0DC4603780BA44A40F41ABB44F5D620C023F3C81F0CA44A40BC22F8DF4AD620C015A930B610A44A4012DA722EC5D520C0C0B2D2A414A44A402F17F19D98D520C095B7239C16A44A4030BB270F0BD520C015C616821CA44A4030815B77F3D420C08048BF7D1DA44A40F7C77BD5CAD420C0EACA67791EA44A4086032159C0D420C00EA14ACD1EA44A40DC80CF0F23D420C00057B26323A44A40C190D5AD9ED320C0F20C1AFA27A44A40890CAB7823D320C09C16BCE82BA44A40897B2C7DE8D220C02A6F47382DA44A4018EC866D8BD220C08ECC237F30A44A40A857CA32C4D120C0C72E51BD35A44A40A987687407D120C0DCBA9BA73AA44A40FF5BC98E8DD020C0AA9A20EA3EA44A40C7116BF129D020C055A4C2D842A44A40560E2DB29DCF20C03F355EBA49A44A40E59B6D6E4CCF20C0EA3E00A94DA44A4002D9EBDD1FCF20C0E31934F44FA44A40C9E53FA4DFCE20C04777103B53A44A4092054CE0D6CD20C0861BF0F961A44A4077F86BB246CD20C023DBF97E6AA44A407784D38217CD20C06362F3716DA44A405C3D27BD6FCC20C0D5264EEE77A44A40B3B5BE4868CB20C0E3AAB2EF8AA44A4009336DFFCACA20C04D4A41B797A44A40B51A12F758CA20C09B38B9DFA1A44A407DAEB6627FC920C03815A930B6A44A40B7627FD93DC920C0DBF97E6ABCA44A40D595CFF23CC820C0062FFA0AD2A44A400F9C33A2B4C720C0BE9F1A2FDDA44A40F35487DC0CC720C00569C6A2E9A44A4067614F3BFCC520C0F0164850FCA44A40A2629CBF09C520C030BB270F0BA54A40325A475513C420C0E2067C7E18A54A4032ACE28DCCC320C0456458C51BA54A406C09F9A067C320C07EC6850321A54A40DF1AD82AC1C220C0D3D9C9E028A54A40A75CE15D2EC220C053E8BCC62EA54A4054573ECBF3C020C00C59DDEA39A54A40FF04172B6AC020C0FE0E45813EA54A4003B2D7BB3FBE20C0618907944DA54A40AEB6627FD9BD20C0A110018750A54A40EC17EC866DBB20C0213CDA3862A54A40B64AB0389CB920C08CDB68006FA54A406284F068E3B820C02FC03E3A75A54A40F2B5679604B820C0132C0E677EA54A402CF180B229B720C0CB9C2E8B89A54A4082C5E1CCAFB620C0FDD98F1491A54A406649809A5AB620C05A12A0A696A54A4012C2A38D23B620C0E1455F419AA54A40BD1DE1B4E0B520C0D2FBC6D79EA54A40F7065F984CB520C0AF42CA4FAAA54A4031D3F6AFACB420C084640113B8A54A40F888981249B420C068D0D03FC1A54A4032E6AE25E4B320C0B6BE4868CBA54A4033FE7DC685B320C0E0D6DD3CD5A54A4089B5F81400B320C0672783A3E4A54A40895E46B1DCB220C0350708E6E8A54A40352905DD5EB220C0040473F4F8A54A40A857CA32C4B120C0520FD1E80EA64A40E17A14AE47B120C0A73FFB9122A64A4038F8C264AAB020C07C7E18213CA64A40392861A6EDAF20C0D8F0F44A59A64A40AC39403047AF20C0D82AC1E270A64A40912C6002B7AE20C02D5BEB8B84A64A40AF5FB01BB6AD20C05FD218ADA3A64A40CD069964E4AC20C05F0CE544BBA64A40952BBCCB45AC20C074B515FBCBA64A40B3EA73B515AB20C0AD510FD1E8A64A40EDF5EE8FF7AA20C0EDD808C4EBA64A40095053CBD6AA20C0098A1F63EEA64A40265305A392AA20C089981249F4A64A4098DD938785AA20C0F41ABB44F5A64A407D7901F6D1A920C057957D5704A74A4062F3716DA8A820C0A5A0DB4B1AA74A402AC6F99B50A820C002D9EBDD1FA74A400FB9196EC0A720C0091B9E5E29A74A409DBAF2599EA720C001F6D1A92BA74A40D7C0560916A720C07ADFF8DA33A74A406688635DDCA620C0BA66F2CD36A74A4082C5E1CCAFA620C0D717096D39A74A40841266DAFEA520C0DE59BBED42A74A40865AD3BCE3A420C08FA50F5D50A74A406AA4A5F276A420C05E85949F54A74A40325A475513A420C0E5B8533A58A74A403333333333A320C03ACC971760A74A4035EF384547A220C0255D33F966A74A406FD8B628B3A120C0AC90F2936AA74A40E25817B7D1A020C0C11C3D7E6FA74A40E4A08499B69F20C06C26DF6C73A74A40C91F0C3CF79E20C01D554D1075A74A4075ABE7A4F79D20C0650113B875A74A40E9D495CFF29C20C0412B306475A74A400664AF777F9C20C0D6A8876874A74A4096CFF23CB89B20C001A4367172A74A404243FF04179B20C008C9022670A74A4043739D465A9A20C0A56B26DF6CA74A40D3307C444C9920C0018750A566A74A4046990D32C99820C07A53910A63A74A40639CBF09859820C05EA27A6B60A74A40D5B2B5BE489820C0AC730CC85EA74A409DD7D825AA9720C04F3BFC3559A74A40F38E5374249720C03AAFB14B54A74A404A0C022B879620C073F4F8BD4DA74A409FABADD85F9620C09EEFA7C64BA74A4012F758FAD09520C0658D7A8846A74A4085949F54FB9420C008556AF640A74A406A87BF266B9420C0C8CD70033EA74A408716D9CEF79320C03A75E5B33CA74A40DDEA39E97D9320C0D0F23CB83BA74A406C21C841099320C0D0F23CB83BA74A408A7615527E9220C03A75E5B33CA74A40A7052FFA0A9220C0C8CD70033EA74A4019FF3EE3C29120C0335019FF3EA74A406F0D6C95609120C02C2B4D4A41A74A408C67D0D03F9120C097ADF54542A74A40A9BC1DE1B49020C041B7973446A74A40E31934F44F9020C0C8EA56CF49A74A40E4141DC9E58F20C097CADB114EA74A408FC2F5285C8F20C05E85949F54A74A40E561A1D6348F20C0338AE59656A74A407429AE2AFB8E20C096E7C1DD59A74A40E6E8F17B9B8E20C0F31FD26F5FA74A403C1405FA448E20C04F58E20165A74A40210725CCB48D20C0C11C3D7E6FA74A403E5C72DC298D20C07A8D5DA27AA74A4022895E46B18C20C00F289B7285A74A402315C616828C20C0DD0720B589A74A4024456458C58B20C04182E2C798A74A405D16139B8F8B20C00F62670A9DA74A40B43C0FEECE8A20C07901F6D1A9A74A407C0A80F10C8A20C0327216F6B4A74A40B6A1629CBF8920C0B9A5D590B8A74A400CE544BB0A8920C0EBE2361AC0A74A40B81E85EB518820C0B29DEFA7C6A74A409EEFA7C64B8720C02B8716D9CEA74A406553AEF02E8720C09609BFD4CFA74A4083DDB06D518620C0EB1C03B2D7A74A40126BF129008620C07250C24CDBA74A40BEA4315A478520C0C763062AE3A74A4030D80DDB168520C0C03E3A75E5A74A4031B610E4A08420C0404D2D5BEBA74A4032207BBDFB8320C000E31934F4A74A4032ACE28DCC8320C0406A1327F7A74A40DD7BB8E4B88320C0ABECBB22F8A74A40DD0720B5898320C0EB73B515FBA74A40DE59BBED428320C0957D5704FFA74A406C21C841098320C01CB1169F02A84A40DE54A4C2D88220C0158C4AEA04A84A4019E76F42218220C015A930B610A84A408B321B64928120C06397A8DE1AA84A40C5E6E3DA508120C07923F3C81FA84A40A818E76F428120C0E3A59BC420A84A40FFCF61BEBC8020C0319413ED2AA84A4055C1A8A44E8020C0AA7D3A1E33A84A40E44EE960FD7F20C07138F3AB39A84A403A75E5B33C7F20C0475A2A6F47A84A40919BE1067C7E20C06A4DF38E53A84A40AF997CB3CD7D20C0956588635DA84A40053411363C7D20C0A3CC069964A84A402332ACE28D7C20C0B13385CE6BA84A40EB1C03B2D77B20C078EE3D5C72A84A40CF49EF1B5F7B20C0FF21FDF675A84A4026016A6AD97A20C03FA9F6E978A84A40986E1283C07A20C0AA2B9FE579A84A405F0CE544BB7A20C0AA2B9FE579A84A40EE5F5969527A20C0A306D3307CA84A40D1915CFE437A20C0A306D3307CA84A40B532E197FA7920C0315F5E807DA84A407D0569C6A27920C0BFB7E9CF7EA84A4045BB0A293F7920C02A3A92CB7FA84A40D5EC8156607820C0B8921D1B81A84A40D656EC2FBB7720C0B8921D1B81A84A4065C746205E7720C0DC68006F81A84A409FE57970777620C0DC68006F81A84A40F65D11FC6F7520C0DC68006F81A84A40137EA99F377520C0B8921D1B81A84A40696FF085C97420C0DC68006F81A84A40A54E4013617320C0B8921D1B81A84A40A64412BD8C7220C04D10751F80A84A405396218E757120C0315F5E807DA84A405305A3923A7120C00D897B2C7DA84A4053CBD6FA227120C0C6DCB5847CA84A40A913D044D87020C05C5A0D897BA84A400074982F2F7020C01CD3139678A84A408F19A88C7F6F20C0959F54FB74A84A403AE97DE36B6F20C04DF38E5374A84A40207BBDFBE36D20C046B1DCD26AA84A403EB324404D6D20C078D1579066A84A40EA95B20C716C20C04694F6065FA84A4095B7239C166C20C0BF60376C5BA84A40B30C71AC8B6B20C0AAD4EC8156A84A40ECFA05BB616B20C0D5CF9B8A54A84A40D0ED258DD16A20C078978BF84EA84A40B64AB0389C6920C0809F71E140A84A40F0A2AF20CD6820C031B1F9B836A84A409D4B7155D96720C0556AF6402BA84A400F0BB5A6796720C0AA60545227A84A402ECA6C90496620C015C616821CA84A40A1F831E6AE6520C02310AFEB17A84A404C6C3EAE0D6520C0325A475513A84A406ADE718A8E6420C0397F130A11A84A40151DC9E53F6420C0AB2688BA0FA84A40319413ED2A6420C08750A5660FA84A40F90FE9B7AF6320C08E75711B0DA84A4050E449D2356320C0DC4603780BA84A4034A2B437F86220C04EEE77280AA84A40DFF8DA334B6220C09CBF098508A84A401A51DA1B7C6120C0323D618907A84A40FE481119566120C0323D618907A84A4053E8BCC62E6120C079E9263108A84A40E223624A246120C079E9263108A84A40C55565DF156120C079E9263108A84A40FF21FDF6756020C09CBF098508A84A407172BF43516020C0C095ECD808A84A408FE4F21FD25F20C00742B28009A84A401EA7E8482E5F20C0B97020240BA84A40CA37DBDC985E20C08E75711B0DA84A403CA06CCA155E20C08750A5660FA84A4005172B6A305D20C079060DFD13A84A40226C787AA55C20C0DC63E94317A84A40CEA5B8AAEC5B20C0399CF9D51CA84A40B35E0CE5445B20C095D4096822A84A40EDF0D7648D5A20C05C8FC2F528A84A40B6DB2E34D75920C0B1A206D330A84A409B20EA3E005920C0DCBA9BA73AA84A4063B9A5D5905820C0F146E6913FA84A402BD9B111885720C0381092054CA84A40BAF770C9715720C0A3923A014DA84A404A29E8F6925620C05C035B2558A84A4083FA96395D5620C078B471C45AA84A40132C0E677E5520C09CA73AE466A84A404E9CDCEF505420C0F8FC304278A84A40DDCD531D725320C038A1100187A84A406DE2E47E875220C02A745E6397A84A4052B81E85EB5120C006BB61DBA2A84A4053CBD6FA225120C0B1E1E995B2A84A40AAD4EC81565020C00D37E0F3C3A84A4072DC291DAC4F20C070B1A206D3A84A40ACFF73982F4F20C04DF8A57EDEA84A403C31EBC5504E20C09B030473F4A84A4020240B98C04D20C0FE7DC68503A94A40764F1E166A4D20C0E2E995B20CA94A40CD751A69A94C20C0C5724BAB21A94A40234A7B832F4C20C053E8BCC62EA94A40978BF84ECC4A20C0BEC1172653A94A40B6DB2E34D74920C0E1D1C6116BA94A40B77F65A5494920C0931D1B8178A94A40D5E76A2BF64720C05A12A0A696A94A4064062AE3DF4720C02F17F19D98A94A402D211FF46C4620C0618E1EBFB7A94A4012A0A696AD4520C0A032FE7DC6A94A40BEF6CC92004520C00BD28C45D3A94A40A3923A014D4420C0E71890BDDEA94A40884B8E3BA54320C012312592E8A94A4050AA7D3A1E4320C0446E861BF0A94A40C24CDBBFB24220C0A0A696ADF5A94A4018CFA0A17F4220C0040473F4F8A94A40529B38B9DF4120C02E1C08C902AA4A4037FDD98F144120C0E0675C3810AA4A40AA8251499D4020C0A0FD481119AA4A40E388B5F8144020C012C2A38D23AA4A408FDFDBF4673F20C05166834C32AA4A40020EA14ACD3E20C04A5E9D6340AA4A4003780B24283E20C0185B087250AA4A40CB2DAD86C43D20C08A1F63EE5AAA4A4077DB85E63A3D20C0ED9925016AAA4A4094FB1D8A023D20C0B554DE8E70AA4A40B16D5166833C20C03CA583F57FAA4A40EB909BE1063C20C0E6CB0BB08FAA4A404182E2C7983B20C04A46CEC29EAA4A40EC12D55B033B20C051A5660FB4AA4A40D0D03FC1C53A20C03411363CBDAA4A409947FE60E03920C0C2C073EFE1AA4A40D3F6AFAC343920C00282397AFCAA4A40D40E7F4DD63820C0D7A3703D0AAB4A40B75D68AED33820C0FB7953910AAB4A400EF8FC30423820C0975643E21EAB4A402C9FE579703720C0419AB1683AAB4A409ED2C1FA3F3720C0C1A8A44E40AB4A409F3C2CD49A3620C05E85949F54AB4A409F8EC70C543620C0D66EBBD05CAB4A404A07EBFF1C3620C07A53910A63AB4A404CE0D6DD3C3520C0C139234A7BAB4A404E9CDCEF503420C09D9D0C8E92AB4A406B60AB048B3320C06475ABE7A4AB4A403411363CBD3220C0087767EDB6AB4A40514EB4AB903220C08FAA2688BAAB4A408BA6B393C13120C0A453573ECBAB4A4054742497FF3020C0C02154A9D9AB4A408D976E12833020C080B74082E2AB4A40E36BCF2C093020C01D774A07EBAB4A401EE1B4E0452F20C06440F67AF7AB4A40E6E8F17B9B2E20C08E588B4F01AC4A40AF997CB3CD2D20C08E75711B0DAC4A40EA5BE674592C20C0077C7E1821AC4A4024D6E253002C20C0D55B035B25AC4A40404D2D5BEB2B20C063B48EAA26AC4A40D15790662C2A20C0DCBA9BA73AAC4A40B6847CD0B32920C05CC98E8D40AC4A40F05014E8132920C01C5F7B6649AC4A40622D3E05C02820C055C1A8A44EAC4A4063B48EAA262820C0C685032159AC4A40D6390664AF2720C0861BF0F961AC4A40F3716DA8182720C0CDE49B6D6EAC4A409FB0C403CA2620C0DC4B1AA375AC4A404A7B832F4C2620C0DC68006F81AC4A402F34D769A42520C038BEF6CC92AC4A4069006F81042520C0226C787AA5AC4A4086E63A8DB42420C0715AF0A2AFAC4A40A3AF20CD582420C0944DB9C2BBAC4A406A1327F73B2420C0622D3E05C0AC4A4015A930B6102420C0E23B31EBC5AC4A40A4DFBE0E9C2320C062670A9DD7AC4A40FAEDEBC0392320C0306475ABE7AC4A40895E46B1DC2220C02237C30DF8AC4A40DFC325C79D2220C08CD651D504AD4A40352905DD5E2220C0F775E09C11AD4A40C4995FCD012220C0695721E527AD4A4036936FB6B92120C0E15D2EE23BAD4A408CDB68006F2120C0BEC1172653AD4A40E197FA79532120C0E8D9ACFA5CAD4A40FEF15EB5322120C00CCD751A69AD4A40E2CCAFE6002120C0EF552B137EAD4A40A913D044D82020C0685C381092AD4A401B81785DBF2020C0CBD6FA22A1AD4A40FFB27BF2B02020C08B6CE7FBA9AD4A40AA8251499D2020C0E8C1DD59BBAD4A4071033E3F8C2020C0D26F5F07CEAD4A40E38DCC237F2020C0672783A3E4AD4A40C6BFCFB8702020C0035B25581CAE4A40FF04172B6A2020C04A24D1CB28AE4A40382D78D1572020C0E700C11C3DAE4A408E06F016482020C09F71E14048AE4A40711B0DE02D2020C0B51A12F758AE4A408E75711B0D2020C0A6ED5F5969AE4A4000A94D9CDC1F20C0FC1D8A027DAE4A40E449D235931F20C018096D3997AE4A408FFCC1C0731F20C0ADA3AA09A2AE4A403A3B191C251F20C03411363CBDAE4A4073637AC2121F20C0D8F50B76C3AE4A4090831266DA1E20C0C2A38D23D6AE4A401F680586AC1E20C049F4328AE5AE4A405BEB8B84B61C20C081ECF5EE8FAF4A404087F9F2021C20C05682C5E1CCAF4A40240B98C0AD1B20C0B2F4A10BEAAF4A4097CADB114E1B20C0001DE6CB0BB04A405E11FC6F251B20C0AA436E861BB04A405EBA490C021B20C0EAE74D452AB04A4097C5C4E6E31A20C0C009850838B04A40D0B359F5B91A20C0C7681D554DB04A40D1798D5DA21A20C03108AC1C5AB04A400AA2EE03901A20C07FF6234564B04A4043AD69DE711A20C0637FD93D79B04A40984C158C4A1A20C094F6065F98B04A40B5C35F93351A20C0E2016553AEB04A407C444C89241A20C0B84082E2C7B04A4043C5387F131A20C01BF5108DEEB04A40EE77280AF41920C05A2A6F4738B14A407D3F355EBA1920C020240B98C0B14A40B64AB0389C1920C0C4995FCD01B24A409A5FCD01821920C0274EEE7728B24A407E74EACA671920C0E71DA7E848B24A402844C021541920C03C4ED1915CB24A407E3A1E33501920C09FABADD85FB24A400C3CF71E2E1920C018CFA0A17FB24A40B7D100DE021920C0F44F70B1A2B24A400D54C6BFCF1820C0D0D03FC1C5B24A4029CB10C7BA1820C0F4C308E1D1B24A4062D68BA19C1820C0573ECBF3E0B24A40B8585183691820C03BC780ECF5B24A4063D17476321820C0DEC83CF207B34A40B98D06F0161820C057B2632310B34A400FD6FF39CC1720C06536C82423B34A408126C286A71720C001F6D1A92BB34A40D751D504511720C08121AB5B3DB34A4010069E7B0F1720C0813E912749B34A4010751F80D41620C0AC5626FC52B34A40D8648D7A881620C065C746205EB34A4011AAD4EC811620C0CF49EF1B5FB34A40D99942E7351620C01D38674469B34A40F645425BCE1520C0412B306475B34A40A18499B67F1520C0BA1457957DB34A404C1AA375541520C0ACCABE2B82B34A401344DD07201520C09D8026C286B34A4086AC6EF59C1420C0331B649291B34A404ED1915CFE1320C0A4DFBE0E9CB34A40C58F31772D1120C0D673D2FBC6B34A407715527E520D20C0F9DA334B02B44A40226C787AA50C20C0B24B546F0DB44A405C8FC2F5280C20C072E1404816B44A40EBC5504EB40B20C0554D10751FB44A407A19C5724B0B20C039B9DFA128B44A40B43C0FEECE0A20C05CACA8C134B44A402788BA0F400A20C0E3FC4D2844B44A40EFE6A90EB90920C0F8A57EDE54B44A40D3C1FA3F870920C0BF60376C5BB44A409A94826E2F0920C0BF7D1D3867B44A40D4F19881CA0820C023F8DF4A76B44A40D5EC8156600820C0A323B9FC87B44A40D656EC2FBB0720C046425BCEA5B44A409E29745E630720C086E63A8DB4B44A409E5E29CB100720C0F085C954C1B44A40D8BB3FDEAB0620C0A2D11DC4CEB44A402D78D157900620C02905DD5ED2B44A4011DF89592F0620C0E275FD82DDB44A4068D0D03FC10520C09BE61DA7E8B44A40130F289B720520C08577B988EFB44A408577B988EF0420C0F73B1405FAB44A406A87BF266B0420C0B7D100DE02B54A40A301BC05120420C0F0332E1C08B54A406B7D91D0960320C0704221020EB54A4089D2DEE00B0320C0A9A44E4013B54A4018265305A30220C0E92B483316B54A4019E76F42210220C029B3412619B54A40E17F2BD9B10120C0B70BCD751AB54A401ADD41EC4C0120C0DAE1AFC91AB54A4054008C67D00020C0B70BCD751AB54A401E335019FFFE1FC030D80DDB16B54A405917B7D100FE1FC0E92B483316B54A40AF5A99F04BFD1FC0E92B483316B54A40B0E600C11CFD1FC0E92B483316B54A40B1A206D330FC1FC030D80DDB16B54A40CFBD874B8EFB1FC09B5AB6D617B54A407CF2B0506BFA1FC0B70BCD751AB54A40276BD44334FA1FC0FEB7921D1BB54A40D15790662CFA1FC0FEB7921D1BB54A402827DA5548F91FC062156F641EB54A4080D4264EEEF71FC0E223624A24B54A4010069E7B0FF71FC01A868F8829B54A402D431CEBE2F61FC0613255302AB54A401288D7F50BF61FC0E140481630B54A40672783A3E4F51FC04CC3F01131B54A40BEBC00FBE8F41FC0C5AC174339B54A40312592E865F41FC0DA38622D3EB54A403255302AA9F31FC077F86BB246B54A40A583F57F0EF31FC013B875374FB54A4089EAAD81ADF21FC093C6681D55B54A4051DA1B7C61F21FC0A852B3075AB54A4036CD3B4ED1F11FC01A170E8464B54A40556AF6402BF01FC0F697DD9387B54A4039D1AE42CAEF1FC06F8104C58FB54A403AE97DE36BEF1FC0E86A2BF697B54A401F80D4264EEE1FC0E8A4F78DAFB54A4075E5B33C0FEE1FC044DD0720B5B54A40058BC3995FED1FC08481E7DEC3B54A40931804560EED1FC06F1283C0CAB54A40B08F4E5DF9EC1FC04417D4B7CCB54A40221ADD41ECEC1FC0D26F5F07CEB54A40EA211ADD41EC1FC0CB67791EDCB54A405C38109205EC1FC0BD1DE1B4E0B54A40D122DBF97EEA1FC0A0C37C7901B64A407EA99F3715E91FC0200C3CF71EB64A409BFEEC478AE81FC0202922C32AB64A402B306475ABE71FC058A835CD3BB64A40486DE2E47EE71FC0982F2FC03EB64A402C9ACE4E06E71FC0111956F146B64A404AEF1B5F7BE61FC08A027D224FB64A40D8B628B341E61FC0EE5F596952B64A402FC03E3A75E51FC01878EE3D5CB64A40DBDC989EB0E41FC09161156F64B64A40FB57569A94E21FC0C3BB5CC477B64A40E25817B7D1E01FC0B48EAA2688B64A4056F146E691DF1FC0FB57569A94B64A403A58FFE730DF1FC0A661F88898B64A403BFC3559A3DE1FC0029A081B9EB64A40CB67791EDCDD1FC07B832F4CA6B64A40EAB298D87CDC1FC002D4D4B2B5B64A40952BBCCB45DC1FC0425BCEA5B8B64A40B35E0CE544DB1FC0ADFA5C6DC5B64A40977329AE2ADB1FC03B53E8BCC6B64A407BDAE1AFC9DA1FC050DF32A7CBB64A40B554DE8E70DA1FC01FBFB7E9CFB64A407DE882FA96D91FC0D72FD80DDBB64A4062156F641ED91FC09EEA909BE1B64A4045F0BF95ECD81FC0DE718A8EE4B64A4047ACC5A700D81FC090BDDEFDF1B64A4048FE60E0B9D71FC05E9D6340F6B64A402D5BEB8B84D61FC0B3CD8DE909B74A408542041C42D51FC025AFCE3120B74A40F758FAD005D51FC0F38E537424B74A40C1CAA145B6D31FC0ECA353573EB74A40DDCD531D72D31FC02506819543B74A40FBAE08FEB7D21FC0888043A852B74A40E02D90A0F8D11FC0ECFA05BB61B74A4036E50AEF72D11FC05DBF60376CB74A4054742497FFD01FC0412B306475B74A40FE60E0B9F7D01FC088D7F50B76B74A408DEE2076A6D01FC008E6E8F17BB74A40556AF6402BD01FC03A234A7B83B74A40AB21718FA5CF1FC024B4E55C8AB74A40AC8BDB6800CF1FC0331B649291B74A40034356B77ACE1FC024D1CB2896B74A40CBF8F71917CE1FC04182E2C798B74A405A9E077767CD1FC0C8B5A1629CB74A403F912749D7CC1FC0C190D5AD9EB74A40959A3DD00ACC1FC072BF4351A0B74A40271422E010CA1FC08F705AF0A2B74A40452FA3586EC91FC0B2463D44A3B74A4062BEBC00FBC81FC0B2463D44A3B74A409C50888043C81FC01DC9E53FA4B74A40649291B3B0C71FC0419FC893A4B74A40F31FD26F5FC71FC06475ABE7A4B74A409ED2C1FA3FC71FC0884B8E3BA5B74A406536C82423C71FC0884B8E3BA5B74A4082AD122C0EC71FC0884B8E3BA5B74A402DB29DEFA7C61FC0AB21718FA5B74A404A7B832F4CC61FC0CFF753E3A5B74A40D97C5C1B2AC61FC0F2CD3637A6B74A40A1D634EF38C51FC05D50DF32A7B74A40DEB06D5166C31FC0EBA86A82A8B74A4050DF32A7CBC21FC0C8D2872EA8B74A406EFAB31F29C21FC08126C286A7B74A401973D712F2C11FC05D50DF32A7B74A40E1B4E0455FC11FC0CFF753E3A5B74A40384A5E9D63C01FC06B9A779CA2B74A4039B4C876BEBF1FC04FE960FD9FB74A40910F7A36ABBE1FC0F2B0506B9AB74A4004CAA65CE1BD1FC0DD24068195B74A405A8121AB5BBD1FC056F146E691B74A4040F67AF7C7BB1FC033FE7DC685B74A40B4024356B7BA1FC0963E74417DB74A405F7B664980BA1FC0E40F069E7BB74A40D44334BA83B81FC05DBF60376CB74A402BD9B11188B71FC02C82FFAD64B74A4049F4328AE5B61FC016F6B4C35FB74A4082A8FB00A4B61FC0CF49EF1B5FB74A40F4F8BD4D7FB61FC0889D29745EB74A402E39EE940EB61FC025404D2D5BB74A404C546F0D6CB51FC0338AE59656B74A40F7065F984CB51FC0C8073D9B55B74A406AD95A5F24B41FC09EEFA7C64BB74A40FB5C6DC5FEB21FC05001309E41B74A40A6D590B8C7B21FC07AFCDEA63FB74A4018EC866D8BB21FC03A75E5B33CB74A406E8B321B64B21FC0419AB1683AB74A40FB743C66A0B21FC0BA66F2CD36B74A4089247A19C5B21FC0C18BBE8234B74A406DE7FBA9F1B21FC08104C58F31B74A40DEE522BE13B31FC0ACFF73982FB74A4016F6B4C35FB31FC0977329AE2AB74A401630815B77B31FC0091B9E5E29B74A40A4198BA6B3B31FC0C993A46B26B74A401618B2BAD5B31FC0F38E537424B74A40DC114E0B5EB41FC009FEB7921DB74A404E9CDCEF50B41FC07AA52C431CB74A40153AAFB14BB41FC033F9669B1BB74A40F888981249B41FC0C976BE9F1AB74A40F888981249B41FC05EF415A419B74A40153AAFB14BB41FC0D09B8A5418B74A404E9CDCEF50B41FC04243FF0417B74A40BF60376C5BB41FC0D7C0560916B74A406A87BF266BB41FC09014916115B74A40DC4B1AA375B41FC04968CBB914B74A404D10751F80B41FC02592E86514B74A4014E8137992B41FC02592E86514B74A4086AC6EF59CB41FC02592E86514B74A401422E010AAB41FC04968CBB914B74A40BF4868CBB9B41FC06C3EAE0D15B74A40145CACA8C1B41FC0B3EA73B515B74A404DBED9E6C6B41FC0D7C0560916B74A4086200725CCB41FC0FB96395D16B74A40DB334B02D4B41FC089EFC4AC17B74A40850838842AB51FC02592E86514B74A4068791EDC9DB51FC07B88467710B74A40D847A7AE7CB61FC0DEC83CF207B74A4065A54929E8B61FC0C93CF20703B74A409EEFA7C64BB71FC0D7868A71FEB64A402C9FE57970B71FC0BBD573D2FBB64A4081B2295778B71FC05053CBD6FAB64A4080D4264EEEB71FC0AD6EF59CF4B64A40F1F44A5986B81FC03BAA9A20EAB64A40444C89247AB91FC0095053CBD6B64A40EECEDA6D17BA1FC0C286A757CAB64A4099F5622827BA1FC0105839B4C8B64A400A2E56D460BA1FC0904946CEC2B64A40D105F52D73BA1FC0BB44F5D6C0B64A405F7B664980BA1FC009168733BFB64A407BDAE1AFC9BA1FC06D567DAEB6B64A407B4E7ADFF8BA1FC09F76F86BB2B64A40B4B0A71DFEBA1FC07BA01518B2B64A405ED72FD80DBB1FC0111E6D1CB1B64A4008E6E8F17BBB1FC06D3997E2AAB64A40CF6BEC12D5BB1FC011018750A5B64A40232D95B723BC1FC0B4C876BE9FB64A40CE8DE9094BBC1FC02D95B7239CB64A403F52448655BC1FC0C2120F289BB64A40CEC7B5A162BC1FC034BA83D899B64A4078EE3D5C72BC1FC05FB532E197B64A40789CA223B9BC1FC0349D9D0C8EB64A40E960FD9FC3BC1FC05F984C158CB64A405B99F04BFDBC1FC0C3D8429083B64A4005FA449E24BD1FC098C0ADBB79B64A4077BE9F1A2FBD1FC03563D17476B64A40CCD1E3F736BD1FC08A592F8672B64A40B020CD5834BD1FC051F701486DB64A40B020CD5834BD1FC02D211FF46CB64A405A0D897B2CBD1FC0F5BEF1B567B64A40CC9717601FBD1FC00A2E56D460B64A405BD3BCE314BD1FC083FA96395DB64A40CC5D4BC807BD1FC027C286A757B64A405B99F04BFDBC1FC05F07CE1951B64A402237C30DF8BC1FC0DFF8DA334BB64A405B99F04BFDBC1FC0CA6C904946B64A40CC5D4BC807BD1FC0BC0512143FB64A4005C078060DBD1FC060CD018239B64A409335EA211ABD1FC0276BD44334B64A4005FA449E24BD1FC07C61325530B64A405A0D897B2CBD1FC060B01BB62DB64A4077BE9F1A2FBD1FC0AE81AD122CB64A40936FB6B931BD1FC04A24D1CB28B64A403ED00A0C59BD1FC04A24D1CB28B64A40766C04E275BD1FC06EFAB31F29B64A409357E71890BD1FC06EFAB31F29B64A40AF08FEB792BD1FC06EFAB31F29B64A40E78C28ED0DBE1FC003780B2428B64A4058E71890BDBE1FC003780B2428B64A407380608E1EBF1FC043FF04172BB64A40E57E87A240BF1FC0AE81AD122CB64A40C84109336DBF1FC0E7C6F48425B64A401D554D1075BF1FC0596E693524B64A4039EE940ED6BF1FC0F5F3A62215B64A40C79DD2C1FABF1FC099BB96900FB64A4072C45A7C0AC01FC0A0E062450DB64A40003ACC9717C01FC0832F4CA60AB64A405587DC0C37C01FC09279E40F06B64A40E3FC4D2844C01FC0999EB0C403B64A408E23D6E253C01FC027F73B1405B64A40E370E65773C01FC0FCFB8C0B07B64A401B2FDD2406C11FC0355EBA490CB64A401A51DA1B7CC11FC06EC0E78711B64A40C5C9FD0E45C11FC0C3D32B6519B64A4053910A630BC11FC0D23AAA9A20B64A408D45D3D9C9C01FC06EFAB31F29B64A40	0101000020E610000070EB203FA9C01FC07DD24ED827B64A40	2025-12-06 20:03:19.836117+00	4	84241	3151
29	0102000020E610000075050000BC79AA436EA61AC02CD49AE61DD34A40D97C5C1B2AA61AC07380608E1ED34A40F5F3A62215A61AC07380608E1ED34A40126BF12900A61AC07380608E1ED34A40F67F0EF3E5A51AC050AA7D3A1ED34A4084BBB376DBA51AC009FEB7921DD34A402FA86F99D3A51AC09E7B0F971CD34A40A1F831E6AEA51AC057CF49EF1BD34A40D95A5F24B4A51AC04985B18520D34A40A032FE7DC6A51AC06553AEF02ED34A40A032FE7DC6A51AC0D0D556EC2FD34A408481E7DEC3A51AC05E2EE23B31D34A4068D0D03FC1A51AC0C9B08A3732D34A4084471B47ACA51AC050E449D235D34A401349F4328AA51AC0E561A1D634D34A40314278B471A41AC01EA7E8482ED34A403480B74082A21AC0D7DD3CD521D34A40A774B0FECFA11AC02CD49AE61DD34A408B89CDC7B5A11AC009FEB7921DD34A403602F1BA7EA11AC07AA52C431CD34A4053CBD6FA22A11AC082CAF8F719D34A40E3AAB2EF8AA01AC0FB96395D16D34A40AB2688BA0FA01AC0DEE522BE13D34A405743E21E4B9F1AC010069E7B0FD34A40033E3F8C109E1AC0BBF2599E07D34A403DB83B6BB79D1AC0C217265305D34A40E8305F5E809D1AC010E9B7AF03D34A40E86A2BF6979D1AC089B5F81400D34A4059A31EA2D19D1AC03BC780ECF5D24A40923F1878EE9D1AC0026553AEF0D24A409279E40F069E1AC03485CE6BECD24A40757632384A9E1AC05019FF3EE3D24A40AED85F764F9E1AC0096D3997E2D24A4091D5AD9E939E1AC0FB05BB61DBD24A403B3602F1BA9E1AC074D2FBC6D7D24A40904946CEC29E1AC02D26361FD7D24A407380608E1E9F1AC0FBE8D495CFD24A403ACC9717609F1AC009336DFFCAD24A40E4141DC9E59F1AC0499D8026C2D24A40C74B378941A01AC082E2C798BBD24A407094BC3AC7A01AC0C24CDBBFB2D24A40FE7DC68503A11AC0F46C567DAED24A40E1EEACDD76A11AC058AD4CF8A5D24A403602F1BA7EA11AC011018750A5D24A4019390B7BDAA11AC0DFC325C79DD24A40A75CE15D2EA21AC043041C4295D24A40185B087250A21AC0742497FF90D24A40184339D1AEA21AC00A85083884D24A40C2A38D23D6A21AC043CA4FAA7DD24A405019FF3EE3A21AC074EACA6779D24A40A6F27684D3A21AC0C3BB5CC477D24A406D904946CEA21AC03563D17476D24A4050DF32A7CBA21AC05F5E807D74D24A406D904946CEA21AC0F5DBD78173D24A40A6F27684D3A21AC08A592F8672D24A40DE54A4C2D8A21AC043AD69DE71D24A40897B2C7DE8A21AC0D82AC1E270D24A4034A2B437F8A21AC0B554DE8E70D24A40C217265305A31AC0917EFB3A70D24A4033DC80CF0FA31AC0917EFB3A70D24A40DE02098A1FA31AC098A3C7EF6DD24A40FAB31F2922A31AC00A4B3CA06CD24A40892991442FA31AC0CAC342AD69D24A4088635DDC46A31AC04AB54FC763D24A4017D9CEF753A31AC09FABADD85FD24A40889D29745EA31AC0F5A10BEA5BD24A4033C4B12E6EA31AC0E73A8DB454D24A40DDEA39E97DA31AC0D8D30E7F4DD24A40FA9B508880A31AC0757632384AD24A40FA9B508880A31AC0E71DA7E848D24A40FA9B508880A31AC07C9BFEEC47D24A40FA9B508880A31AC0A796ADF545D24A40164D672783A31AC058A835CD3BD24A40164D672783A31AC0A779C7293AD24A40A4880CAB78A31AC0A03715A930D24A40FA27B85851A31AC0A73FFB9122D24A4033DC80CF0FA31AC0D942908312D24A40DE8E705AF0A21AC07C0A80F10CD24A406D1CB1169FA21AC0D2E3F736FDD14A401895D40968A21AC03524EEB1F4D14A40E0BE0E9C33A21AC027BD6F7CEDD14A408B89CDC7B5A11AC0D9B11188D7D14A403602F1BA7EA11AC0FD6A0E10CCD14A40FD9FC37C79A11AC04B3CA06CCAD14A406F2A52616CA11AC02F8B89CDC7D14A401ADD41EC4CA11AC019E25817B7D14A40A818E76F42A11AC0BDA94885B1D14A406FF085C954A11AC06F9EEA909BD14A408CDB68006FA11AC0EF552B137ED14A403602F1BA7EA11AC03D0AD7A370D14A4053B3075A81A11AC0F65D11FC6FD14A4019C5724BABA11AC0A12DE7525CD14A40C425C79DD2A11AC05A643BDF4FD14A40A7AE7C96E7A11AC06FD39FFD48D14A40C3D32B6519A21AC0B03DB32440D14A4035D252793BA21AC0BE874B8E3BD14A406E6E4C4F58A21AC0F0A7C64B37D14A40DFA63FFB91A21AC005172B6A30D14A4033164D6727A31AC085EB51B81ED14A406CEC12D55BA31AC00C022B8716D14A40C139234A7BA31AC0691D554D10D14A40DD24068195A31AC05BB6D61709D14A40884B8E3BA5A31AC094FB1D8A02D14A40C1ADBB79AAA31AC0A245B6F3FDD04A40DD5ED218ADA31AC030815B77F3D04A40A4C2D84290A31AC0541D7233DCD04A40A4C2D84290A31AC0062FFA0AD2D04A4032384A5E9DA31AC0FFEC478AC8D04A40C1ADBB79AAA31AC0A2B437F8C2D04A4088855AD3BCA31AC086032159C0D04A40A4367172BFA31AC07077D66EBBD04A406ABC749318A41AC0F8AA9509BFD04A404EB9C2BB5CA41AC0F085C954C1D04A40317C444C89A41AC0A2B437F8C2D04A402FC03E3A75A51AC03F74417DCBD04A40BDE3141DC9A51AC0A2D11DC4CED04A40A0E062450DA61AC09BAC510FD1D04A409F02603C83A61AC0D40E7F4DD6D04A4049D74CBED9A61AC05B423EE8D9D04A40105D50DF32A71AC070CE88D2DED04A402B306475ABA71AC077103B53E8D04A40481B47ACC5A71AC094C151F2EAD04A4080B74082E2A71AC0B0726891EDD04A402B1895D409A81AC0E9D495CFF2D04A402A52616C21A81AC00586AC6EF5D04A400C1F115322A91AC0F7E461A1D6D04A409ACE4E0647A91AC0E25817B7D1D04A402844C02154A91AC0C6A70018CFD04A409A081B9E5EA91AC0CDCCCCCCCCD04A40EF1B5F7B66A91AC0F7C77BD5CAD04A40B6F3FDD478A91AC05B087250C2D04A400B410E4A98A91AC030F0DC7BB8D04A4044A33B889DA91AC0A297512CB7D04A404417D4B7CCA91AC0143FC6DCB5D04A400BEF7211DFA91AC0CD920035B5D04A407CD5CA845FAA1AC0F88DAF3DB3D04A40ED815660C8AA1AC022895E46B1D04A405EF415A419AB1AC0B806B64AB0D04A4024B4E55C8AAB1AC029AE2AFBAED04A40EA211ADD41AC1AC031D3F6AFACD04A405A9E077767AD1AC08DEE2076A6D04A40CB10C7BAB8AD1AC0DBBFB2D2A4D04A40E7357689EAAD1AC02A91442FA3D04A40910A630B41AE1AC07862D68BA1D04A40904E5DF92CAF1AC0D47D00529BD04A4055F65D11FCAF1AC04D4A41B797D04A40E23B31EBC5B01AC00DC347C494D04A407099D36531B11AC0A3409FC893D04A4035B56CAD2FB21AC0AA656B7D91D04A40DD7BB8E4B8B31AC0CD3B4ED191D04A40C0EC9E3C2CB41AC03FE3C28190D04A40A245B6F3FDB41AC046088F368ED04A402F51BD35B0B51AC0B8AF03E78CD04A40D80DDB1665B61AC02A5778978BD04A408104C58F31B71AC0068195438BD04A4047ACC5A700B81AC0E3AAB2EF8AD04A40F1F44A5986B81AC0E3AAB2EF8AD04A40F0164850FCB81AC0BFD4CF9B8AD04A404512BD8C62B91AC078280AF489D04A4099BB96900FBA1AC014CB2DAD86D04A40268DD13AAABA1AC0F819170E84D04A4024B9FC87F4BB1AC0F1D7648D7AD04A40062AE3DF67BC1AC0D5264EEE77D04A40E5D022DBF9BE1AC0EA95B20C71D04A408F8D40BCAEBF1AC0386744696FD04A40E4141DC9E5BF1AC0CDE49B6D6ED04A408EE9094B3CC01AC0F8DF4A766CD04A4036B05582C5C11AC0312592E865D04A4019390B7BDAC11AC087FE092E56D04A40529B38B9DFC11AC023A12DE752D04A40E0BE0E9C33C21AC0232D95B723D04A406E3480B740C21AC015C616821CD04A406E6E4C4F58C21AC0B24B546F0DD04A403546EBA86AC21AC00000000000D04A4018CFA0A17FC21AC024B9FC87F4CF4A40DFE00B93A9C21AC06B2BF697DDCF4A408907944DB9C21AC01D3D7E6FD3CF4A40A6F27684D3C21AC01D2098A3C7CF4A40C2A38D23D6C21AC0793BC269C1CF4A40FB3F87F9F2C21AC0E4A08499B6CF4A40DEC83CF207C31AC088687407B1CF4A406C3EAE0D15C31AC0085A8121ABCF4A406CB2463D44C31AC072BF4351A0CF4A40A4FCA4DAA7C31AC09D9D0C8E92CF4A40F9F719170EC41AC09D8026C286CF4A404E7FF62345C41AC088F4DBD781CF4A40159161156FC41AC0963E74417DCF4A40DB166536C8C41AC001A4367172CF4A40DBC4C9FD0EC51AC0FA6184F068CF4A4068AED3484BC51AC08FC2F5285CCF4A40F65D11FC6FC51AC065AA605452CF4A40DAE6C6F484C51AC0C8EA56CF49CF4A40840D4FAF94C51AC0E57E87A240CF4A404B1FBAA0BEC51AC03B014D840DCF4A4068D0D03FC1C51AC0D7A3703D0ACF4A404B9352D0EDC51AC02D26361FD7CE4A40F5F3A62215C61AC018601F9DBACE4A40BC3FDEAB56C61AC074417DCB9CCE4A40F5DBD78173C61AC0DFA63FFB91CE4A4011018750A5C61AC03CA583F57FCE4A40F4FDD478E9C61AC06666666666CE4A40D66EBBD05CC71AC0E0DBF4673FCE4A404833164D67C71AC0A054FB743CCE4A409D465A2A6FC71AC03CF71E2E39CE4A40F3936A9F8EC71AC03CDA38622DCE4A40BA6B09F9A0C71AC07C444C8924CE4A4064062AE3DFC71AC0D200DE0209CE4A406440F67AF7C71AC0841266DAFECD4A40D578E92631C81AC027A089B0E1CD4A40D4D4B2B5BEC81AC068791EDC9DCD4A409B20EA3E00C91AC05AD8D30E7FCD4A4029965B5A0DC91AC03D0AD7A370CD4A400C1F115322C91AC02861A6ED5FCD4A40613255302AC91AC0618907944DCD4A407E1D386744C91AC062F8889812CD4A400C93A98251C91AC0452A8C2D04CD4A40D36A48DC63C91AC0FE60E0B9F7CC4A40EF552B137EC91AC0221ADD41ECCC4A40D218ADA3AAC91AC0064CE0D6DDCC4A40D2C6116BF1C91AC0F0A2AF20CDCC4A400A11700855CA1AC030F0DC7BB8CC4A40D0D03FC1C5CA1AC08DEE2076A6CC4A40EC6987BF26CB1AC0DBA2CC0699CC4A40967840D994CB1AC071033E3F8CCC4A4024D6E25300CC1AC094BC3AC780CC4A40CD58349D9DCC1AC078EE3D5C72CC4A405B423EE8D9CC1AC01CB62DCA6CCC4A40CC28965B5ACD1AC0D5EC815660CC4A4092E86514CBCD1AC087FE092E56CC4A40CBF8F71917CE1AC055C1A8A44ECC4A40034356B77ACE1AC0952BBCCB45CC4A403CA583F57FCE1AC07155D97745CC4A401EDC9DB5DBCE1AC0F86BB2463DCC4A40C80C54C6BFCF1AC0C7116BF129CC4A408CF84ECC7AD11AC039622D3E05CC4A40E0B9F770C9D11AC0E44EE960FDCB4A40349D9D0C8ED21AC01D774A07EBCB4A4089981249F4D21AC087DC0C37E0CB4A4087A2409FC8D31AC0D673D2FBC6CB4A4032772D211FD41AC06BD44334BACB4A40DC114E0B5ED41AC01DE6CB0BB0CB4A40F7E461A1D6D41AC00F62670A9DCB4A40857CD0B359D51AC0EC51B81E85CB4A40BD8C62B9A5D51AC0650113B875CB4A40124E0B5EF4D51AC0567DAEB662CB4A402E73BA2C26D61AC0C8073D9B55CB4A4082E2C798BBD61AC0417DCB9C2ECB4A40666B7D91D0D61AC050C763062ACB4A408104C58F31D71AC09E5E29CB10CB4A40F37684D382D71AC05EBA490C02CB4A4047382D78D1D71AC0AD6EF59CF4CA4A409CF9D51C20D81AC0F4FDD478E9CA4A4046CEC29E76D81AC082397AFCDECA4A40F0DC7BB8E4D81AC0C9C859D8D3CA4A40D313967840D91AC050DF32A7CBCA4A409981CAF8F7D91AC0ED647094BCCA4A409817601F9DDA1AC07BA01518B2CA4A40252367614FDB1AC0E605D847A7CA4A40CE531D7233DC1AC0ED0DBE3099CA4A4091ED7C3F35DE1AC04AEF1B5F7BCA4A4074D2FBC6D7DE1AC04AD235936FCA4A40AB3E575BB1DF1AC083FA96395DCA4A40E21E4B1FBAE01AC0AEBB79AA43CA4A40FDD98F1491E11AC0FC523F6F2ACA4A408BC3995FCDE11AC0EEEBC03923CA4A40359886E123E21AC05951836918CA4A40897B2C7DE8E21AC0B532E197FAC94A40A5660FB402E31AC052D50451F7C94A404F75C8CD70E31AC06002B7EEE6C94A40C1ADBB79AAE31AC02EC55565DFC94A40BF7D1D3867E41AC0A032FE7DC6C94A40309E4143FFE41AC0AF5FB01BB6C94A4030D80DDB16E51AC092AE997CB3C94A4012A5BDC117E61AC09274CDE49BC94A4082C5E1CCAFE61AC0B62DCA6C90C94A400F45813E91E71AC0E8305F5E80C94A40B9C7D2872EE81AC0E1EEACDD76C94A400C59DDEA39E91AC05A9E077767C94A40EEEBC03923EA1AC07E5704FF5BC94A40B3075A8121EB1AC0E8BCC62E51C94A403FA9F6E978EC1AC0A1F31ABB44C94A40CB10C7BAB8ED1AC0BE874B8E3BC94A401F680586ACEE1AC01AA3755435C94A40AAF1D24D62F01AC0A1B94E232DC94A40E275FD82DDF01AC03737A6272CC94A40FE48111956F11AC0613255302AC94A40FD6A0E10CCF11AC0D3D9C9E028C94A40F91400E319F41AC0C5724BAB21C94A4085949F54FBF41AC085EB51B81EC94A400DA661F888F81AC01B4CC3F011C94A404148163081FB1AC02254A9D903C94A40EB1C03B2D7FB1AC070253B3602C94A407940D9942BFC1AC0E2CCAFE600C94A4094FB1D8A02FD1AC0F73B1405FAC84A40753C66A032FE1AC0A94D9CDCEFC84A401F4B1FBAA0FE1AC0DB6D179AEBC84A401E6D1CB116FF1AC0C6E1CCAFE6C84A40C8B5A1629CFF1AC0FE261422E0C84A40E3C281902C001BC0F0BF95ECD8C84A40FF959526A5001BC04DDBBFB2D2C84A408CA19C6857011BC0B01BB62DCAC84A40FB05BB61DB021BC03815A930B6C84A405053CBD6FA021BC0A9BC1DE1B4C84A40A01A2FDD24061BC071033E3F8CC84A40D734EF3845071BC0543541D47DC84A40481B47ACC5071BC08D7A884677C84A40F2EF332E1C081BC09CC420B072C84A40D4484BE5ED081BC0E353008C67C84A400B7BDAE1AF091BC02AE3DF675CC84A40ED9925016A0A1BC007F0164850C84A4025404D2D5B0B1BC0EA211ADD41C84A4096ECD808C40B1BC06A1327F73BC84A40950ED6FF390C1BC0A3586E6935C84A40AF5FB01BB60D1BC02A52616C21C84A4076711B0DE00D1BC032772D211FC84A401EFE9AAC510F1BC0001DE6CB0BC84A40FE0E45813E111BC02BDEC83CF2C74A408C84B69C4B111BC0E4310395F1C74A403541D47D00121BC0DDEF5014E8C74A40344B02D4D4121BC0247F30F0DCC74A405036E50AEF121BC09626A5A0DBC74A403333333333131BC0569FABADD8C74A40336DFFCA4A131BC0EB1C03B2D7C74A406C43C5387F131BC0CF6BEC12D5C74A40C0046EDDCD131BC08FE4F21FD2C74A4086200725CC141BC0F224E99AC9C74A40F38E537424171BC01D03B2D7BBC74A4060E5D022DB191BC088687407B1C74A40D13FC1C58A1A1BC0240B98C0ADC74A40D0B359F5B91A1BC096B20C71ACC74A405E6397A8DE1A1BC02B306475ABC74A40EBA86A82A81B1BC08F705AF0A2C74A40CEA5B8AAEC1B1BC02B137EA99FC74A40CE1951DA1B1C1BC032384A5E9DC74A405BB1BFEC9E1C1BC0FAD51C2098C74A403EE8D9ACFA1C1BC0967840D994C74A405A475513441D1BC07AC7293A92C74A40E8A4F78DAF1D1BC03A4030478FC74A40E73A8DB4541E1BC001DE02098AC74A401CEBE2361A201BC00F0BB5A679C74A40FFCF61BEBC201BC0B3D2A41474C74A401A51DA1B7C211BC0EC17EC866DC74A40A818E76F42211BC02C82FFAD64C74A407008556AF6201BC04F3BFC3559C74A40C6E1CCAFE6201BC0338AE59656C74A40FF092E56D4201BC0F302ECA353C74A40C6A70018CF201BC041D47D0052C74A40FF959526A5201BC041B7973446C74A40C63368E89F201BC0DE59BBED42C74A401B0DE02D90201BC00938842A35C74A40AA8251499D201BC0BA490C022BC74A40C66D3480B7201BC0890CAB7823C74A4070CE88D2DE201BC057CF49EF1BC74A40707CED9925211BC02CB7B41A12C74A40363CBD5296211BC0744694F606C74A4019ADA3AA09221BC06C04E275FDC64A40518369183E221BC09E245D33F9C64A4051F701486D221BC017F19D98F5C64A403480B74082221BC042EC4CA1F3C64A404E97C5C4E6231BC0E6797077D6C64A40DB8AFD65F7241BC074982F2FC0C64A404CC3F01131251BC0C98E8D40BCC64A40139B8F6B43251BC0D0B359F5B9C64A4068E89FE062251BC0912C6002B7C64A4013D55B035B251BC049809A5AB6C64A40DA722EC555251BC026AAB706B6C64A40BEC1172653251BC0DFFDF15EB5C64A40A110018750251BC0747B4963B4C64A40BEC1172653251BC051A5660FB4C64A40DA722EC555251BC009F9A067B3C64A40F623456458251BC0C24CDBBFB2C64A404C37894160251BC07BA01518B2C64A40A14ACD1E68251BC058CA32C4B1C64A40F65D11FC6F251BC034F44F70B1C64A4068226C787A251BC034F44F70B1C64A40BD35B05582251BC034F44F70B1C64A40840D4FAF94251BC058CA32C4B1C64A40A1F831E6AE251BC0F46C567DAEC64A40F645425BCE251BC00ADCBA9BA7C64A4084BBB376DB251BC0A67EDE54A4C64A40BC57AD4CF8251BC07B6649809AC64A402E1C08C902261BC08AB0E1E995C64A40F5F3A62215261BC0F415A4198BC64A4067B8019F1F261BC0BC79AA436EC64A4012A5BDC117261BC0D1CB28965BC64A4011DF89592F261BC0185B087250C64A4083DDB06D51261BC0CA6C904946C64A4083177D0569261BC0FC8C0B0742C64A40F415A4198B261BC0C32ADEC83CC64A402DB29DEFA7261BC03CF71E2E39C64A40D7FA22A12D271BC01904560E2DC64A40F3936A9F8E271BC02E73BA2C26C64A40807D74EACA271BC0EEEBC03923C64A402A3A92CB7F281BC04A07EBFF1CC64A40639CBF0985281BC0273108AC1CC64A40452FA3586E291BC060764F1E16C64A407DB3CD8DE9291BC0679B1BD313C64A40EE5F5969522A1BC09296CADB11C64A407B832F4CA62A1BC04BEA043411C64A40091B9E5E292B1BC0271422E010C64A409548A297512C1BC09296CADB11C64A403FE3C281902C1BC06EC0E78711C64A4006F52D73BA2C1BC0271422E010C64A4006F52D73BA2C1BC0BC9179E40FC64A4006F52D73BA2C1BC075E5B33C0FC64A4006F52D73BA2C1BC02E39EE940EC64A4022A64412BD2C1BC0E78C28ED0DC64A4078B988EFC42C1BC059349D9D0CC64A40B01BB62DCA2C1BC01288D7F50BC64A403F912749D72C1BC0A7052FFA0AC64A40B05582C5E12C1BC0832F4CA60AC64A403ECBF3E0EE2C1BC0605969520AC64A40E9F17B9BFE2C1BC03C8386FE09C64A4005A3923A012D1BC03C8386FE09C64A40B0C91AF5102D1BC03C8386FE09C64A405AF0A2AF202D1BC0605969520AC64A403E7958A8352D1BC0A7052FFA0AC64A4005C58F31772D1BC02E1C08C902C64A4004FF5BC98E2D1BC03C66A032FEC54A40AF5FB01BB62D1BC0040473F4F8C54A40925CFE43FA2D1BC0D9EBDD1FEFC54A4091D09673292E1BC059DDEA39E9C54A4075CDE49B6D2E1BC0922232ACE2C54A401F680586AC2E1BC0A06CCA15DEC54A40AD510FD1E82E1BC03D0FEECEDAC54A40AC8BDB68002F1BC0D28C45D3D9C54A40C9B08A37322F1BC0B6DB2E34D7C54A40AB09A2EE03301BC03DF20703CFC54A40A9D903ADC0301BC02F8B89CDC7C54A40527E52EDD3311BC07D3F355EBAC54A4017821C9430331BC0280F0BB5A6C54A40C0B2D2A414341BC0E86A2BF697C54A40BD3AC780EC351BC0FD9FC37C79C54A40D751D50451371BC0DA8F149161C54A40B988EFC4AC371BC0A12DE7525CC54A40F20C1AFA27381BC068CBB91457C54A40F12E17F19D381BC0C5E6E3DA50C54A400CC85EEFFE381BC02827DA5548C54A407E3A1E3350391BC045BB0A293FC54A404512BD8C62391BC0053411363CC54A407D224F92AE391BC09A94826E2FC54A40276BD443343A1BC0E92B483316C54A4098512CB7B43A1BC0E2CCAFE600C54A402575029A083B1BC0E2AFC91AF5C44A403BFC3559A33E1BC0FF04172B6AC44A401E335019FF3E1BC02AE3DF675CC44A406EC0E78711421BC007EBFF1CE6C34A40DF32A7CB62421BC032C9C859D8C34A40FB57569A94421BC07958A835CDC34A405019FF3EE3421BC0B9A5D590B8C34A4033164D6727431BC0C8D2872EA8C34A4088635DDC46431BC048C49448A2C34A40A31EA2D11D441BC0B3EF8AE07FC34A408655BC9179441BC0DDCD531D72C34A406A183E22A6441BC0EC17EC866DC34A40A2629CBF09451BC0A54E401361C34A402ECA6C9049461BC09ED2C1FA3FC34A406536C82423471BC0091B9E5E29C34A40D28C45D3D9491BC049F4328AE5C24A4043739D465A4A1BC0BB7EC16ED8C24A40EDF5EE8FF74A1BC0C286A757CAC24A40B3EF8AE07F4B1BC050C24CDBBFC24A403FA9F6E9784C1BC0111E6D1CB1C24A40CB4A9352D04D1BC0E6E8F17B9BC24A403A5D16139B4F1BC08A7615527EC24A4072A774B0FE4F1BC0E6913F1878C24A40C6C4E6E3DA501BC0CAC342AD69C24A401878EE3D5C521BC03C31EBC550C24A402FDD240681551BC0035B25581CC24A40F4328AE596561BC03C8386FE09C24A407E00529B38591BC012143FC6DCC14A40B5A679C7295A1BC02041F163CCC14A4096E7C1DD595B1BC012BD8C62B9C14A409279E40F065E1BC0C47762D68BC14A401C25AFCE31601BC0C520B07268C14A40FF5BC98E8D601BC0FE65F7E461C14A40D908C4EBFA651BC0CC5D4BC807C14A402C4833164D671BC03ECBF3E0EEC04A409DF4BEF1B5671BC06284F068E3C04A400E677E3507681BC0F0BF95ECD8C04A40462575029A681BC0F8AA9509BFC04A40F06DFAB31F691BC0DBBFB2D2A4C04A40EE258DD13A6A1BC07F130A1170C04A407B319413ED6A1BC055C1A8A44EC04A407ADFF8DA336B1BC09C50888043C04A405EA27A6B606B1BC0B1BFEC9E3CC04A40083D9B559F6B1BC040FB912232C04A4024D6E253006C1BC04703780B24C04A40780B24287E6C1BC0802BD9B111C04A40E97DE36BCF6C1BC0158C4AEA04C04A40772D211FF46C1BC072A774B0FEBF4A40058BC3995F6D1BC04772F90FE9BF4A4004392861A66D1BC09D4B7155D9BF4A4020240B98C06D1BC0CF6BEC12D5BF4A400395F1EF336E1BC048FE60E0B9BF4A405726FC523F6F1BC033E197FA79BF4A408FC2F5285C6F1BC08FFCC1C073BF4A403A234A7B836F1BC00FEECEDA6DBF4A401D2098A3C76F1BC0BADA8AFD65BF4A408E9257E718701BC0889D29745EBF4A40E2016553AE701BC0AC5626FC52BF4A40FE261422E0701BC048F949B54FBF4A40A835CD3B4E711BC0A514747B49BF4A40C24CDBBFB2721BC09EB5DB2E34BF4A40331B649291731BC057EC2FBB27BF4A40F9DA334B02741BC0FAB31F2922BF4A40BE30992A18751BC097395D1613BF4A402C7DE882FA761BC07B4E7ADFF8BE4A40475A2A6F47781BC0897B2C7DE8BE4A40B7B41A12F7781BC0C2C073EFE1BE4A40EFE6A90EB9791BC0FB05BB61DBBE4A407AFCDEA63F7B1BC01FBFB7E9CFBE4A40085A8121AB7B1BC0020EA14ACDBE4A4023DBF97E6A7C1BC082FFAD64C7BE4A40906B43C5387F1BC0E622BE13B3BE4A401C9947FE60801BC0268DD13AAABE4A40371AC05B20811BC0A67EDE54A4BE4A405305A3923A811BC05FD218ADA3BE4A403546EBA86A821BC0E6E8F17B9BBE4A4018CFA0A17F821BC09F3C2CD49ABE4A40D97C5C1B2A861BC0F4F8BD4D7FBE4A40B62DCA6C90891BC026DF6C7363BE4A40EBC5504EB48B1BC03C31EBC550BE4A40CD920035B58C1BC058C51B9947BE4A405BB6D617098D1BC0D1915CFE43BE4A4076FD82DDB08D1BC0EE258DD13ABE4A40C9C859D8D38E1BC0202922C32ABE4A40C746205ED78F1BC00A80F10C1ABE4A40FFCA4A9352901BC09296CADB11BE4A40548CF337A1901BC01288D7F50BBE4A408C4AEA0434911BC05917B7D100BE4A408A3C49BA66921BC04451A04FE4BD4A40A5BDC11726931BC0A04FE449D2BD4A40BF9A030473941BC004560E2DB2BD4A40A1B94E232D951BC061545227A0BD4A402D211FF46C961BC02FDD240681BD4A40D6C56D3480971BC0EF1B5F7B66BD4A40642310AFEB971BC05A8121AB5BBD4A400CC85EEFFE981BC01AC05B2041BD4A40B728B34126991BC0938C9C853DBD4A4099D36531B1991BC029ED0DBE30BD4A40EDD808C4EB9A1BC03E22A64412BD4A4095B7239C169C1BC04D327216F6BC4A409291B3B0A79D1BC05B25581CCEBC4A403BFC3559A39E1BC0465F419AB1BC4A40E388B5F814A01BC03FC6DCB584BC4A40C58F31772DA11BC0861BF0F961BC4A4069520ABABDA41BC015527E52EDBB4A40BC9179E40FA61BC0E4BD6A65C2BB4A407F4DD6A887A81BC02C9FE57970BB4A405C2041F163AC1BC0026553AEF0BA4A407845F0BF95AC1BC03BAA9A20EABA4A40B01BB62DCAAC1BC074EFE192E3BA4A40058BC3995FAD1BC01FBFB7E9CFBA4A40CBBE2B82FFAD1BC03B3602F1BABA4A401D7233DC80AF1BC066BD18CA89BA4A405682C5E1CCAF1BC05F7B664980BA4A408E9257E718B01BC03563D17476BA4A40711B0DE02DB01BC018B2BAD573BA4A40AA656B7D91B01BC0F5BEF1B567BA4A401B9E5E29CBB01BC02E04392861BA4A408D9C853DEDB01BC083FA96395DBA4A4053AEF02E17B11BC0D8F0F44A59BA4A40E10B93A982B11BC0F584251E50BA4A40C442AD69DEB11BC0C347C49448BA4A408B54185B08B21BC0183E22A644BA4A4052F2EA1C03B21BC0F5673F5244BA4A403541D47D00B21BC0D1915CFE43BA4A401990BDDEFDB11BC0AEBB79AA43BA4A401990BDDEFDB11BC0670FB40243BA4A401990BDDEFDB11BC04339D1AE42BA4A403541D47D00B21BC02063EE5A42BA4A4052F2EA1C03B21BC0FC8C0B0742BA4A408B54185B08B21BC0D8B628B341BA4A40C3B645990DB21BC0B5E0455F41BA4A4019CA897615B21BC0B5E0455F41BA4A406EDDCD531DB21BC0B5E0455F41BA4A408A8EE4F21FB21BC0B5E0455F41BA4A40E0A128D027B21BC0D8B628B341BA4A40FC523F6F2AB21BC0FC8C0B0742BA4A4035B56CAD2FB21BC02063EE5A42BA4A406E8B321B64B21BC02788BA0F40BA4A403563D17476B21BC075594C6C3EBA4A40884677103BB31BC0F54A598638BA4A401630815B77B31BC067F2CD3637BA4A40F9A067B3EAB31BC00395F1EF33BA4A40DB85E63A8DB41BC0BCE82B4833BA4A408542041C42B51BC091ED7C3F35BA4A4068791EDC9DB51BC02046088F36BA4A409F93DE37BEB61BC0EE258DD13ABA4A40BB7EC16ED8B61BC011FC6F253BBA4A40BBB88D06F0B61BC035D252793BBA4A40813E912749B71BC0C32ADEC83CBA4A40F224E99AC9B71BC075594C6C3EBA4A40D595CFF23CB81BC0BC0512143FBA4A400ABABDA431BA1BC075594C6C3EBA4A400A2E56D460BA1BC0982F2FC03EBA4A40B476DB85E6BA1BC003B2D7BB3FBA4A40252367614FBB1BC003B2D7BB3FBA4A4078B471C45ABC1BC00AD7A3703DBA4A40E8BCC62E51BD1BC0A779C7293ABA4A40210725CCB4BD1BC0AE9E93DE37BA4A4003ECA35357BE1BC0B5C35F9335BA4A403BE466B801BF1BC0E0BE0E9C33BA4A40C8B5A1629CBF1BC0991249F432BA4A4053793BC269C11BC0EE08A7052FBA4A40A6D0798D5DC21BC0FC523F6F2ABA4A406C3EAE0D15C31BC052499D8026BA4A4069006F8104C51BC04A07EBFF1CBA4A40126BF12900C61BC0EECEDA6D17BA4A40D8D825AAB7C61BC043C5387F13BA4A4065AA605452C71BC075E5B33C0FBA4A40BA6B09F9A0C71BC0A7052FFA0ABA4A409CA223B9FCC71BC0042159C004BA4A40462575029AC81BC0040473F4F8B94A40611A868F88C91BC0350708E6E8B94A40EF8FF7AA95C91BC0EE5A423EE8B94A40B515FBCBEEC91BC0FDA4DAA7E3B94A400A11700855CA1BC076711B0DE0B94A404221020EA1CA1BC0C442AD69DEB94A407BBDFBE3BDCA1BC0C442AD69DEB94A40B3CD8DE909CB1BC036EA211ADDB94A40967840D994CB1BC0D9B11188D7B94A403D27BD6F7CCD1BC0761A69A9BCB94A4075594C6C3ECE1BC092AE997CB3B94A401EDC9DB5DBCE1BC0594C6C3EAEB94A401EC4CE143ACF1BC084471B47ACB94A403AE97DE36BCF1BC0617138F3ABB94A403A5D16139BCF1BC0617138F3ABB94A401D2098A3C7CF1BC0A81DFE9AACB94A40C7F484251ED01BC0C4CE143AAFB94A40C6DCB5847CD01BC04B02D4D4B2B94A40C5FEB27BF2D01BC084640113B8B94A401AC05B2041D11BC0761A69A9BCB94A408A8EE4F21FD21BC067EDB60BCDB94A40FCC6D79E59D21BC060C8EA56CFB94A408A7615527ED21BC0A774B0FECFB94A4034D769A4A5D21BC0A774B0FECFB94A40A60F5D50DFD21BC03DF20703CFB94A40DEE522BE13D31BC067EDB60BCDB94A406C09F9A067D31BC0990D32C9C8B94A4032C9C859D8D31BC08481E7DEC3B94A40DC63E94317D41BC0F6285C8FC2B94A40A3AF20CD58D41BC0D252793BC2B94A404DBED9E6C6D41BC08BA6B393C1B94A4083C0CAA145D61BC0B6A1629CBFB94A40D769A4A5F2D61BC0E09C11A5BDB94A408104C58F31D71BC0761A69A9BCB94A409D9D0C8E92D71BC07D3F355EBAB94A40B9FC87F4DBD71BC0618E1EBFB7B94A407E52EDD3F1D81BC0A81DFE9AACB94A400BD28C45D3D91BC0A1DB4B1AA3B94A40B5A679C729DA1BC0F6D1A92B9FB94A40B3EA73B515DB1BC0AF08FEB792B94A400664AF777FDC1BC0C45A7C0A80B94A40053411363CDD1BC09A42E73576B94A40CC0BB08F4EDD1BC05396218E75B94A4021CD58349DDD1BC0EF38454772B94A40E42CEC6987DF1BC01AFA27B858B94A40AD6EF59CF4DE1BC0377172BF43B94A40CAFD0E4581DE1BC0B020CD5834B94A403F3A75E5B3DC1BC08D9C853DEDB84A400664AF777FDC1BC037894160E5B84A405C8FC2F528DC1BC03F912749D7B84A40255D33F966DB1BC0BF4868CBB9B84A40422619390BDB1BC0F14BFDBCA9B84A40ED647094BCDA1BC0B8CCE9B298B84A4061376C5B94D91BC0C7681D554DB84A40444C89247AD91BC02384471B47B84A40D34D621058D91BC063EE5A423EB84A40F0C4AC1743D91BC0E3DF675C38B84A407E00529B38D91BC00EDB166536B84A40D3D9C9E028D91BC0AA7D3A1E33B84A40F0164850FCD81BC0E3C281902CB84A400D54C6BFCFD81BC0878A71FE26B84A407F30F0DC7BD81BC0876D8B321BB84A4047382D78D1D71BC0AB09A2EE03B84A402B4D4A41B7D71BC08E588B4F01B84A406475ABE7A4D71BC00000000000B84A4081B2295778D71BC0C078060DFDB74A40F38E537424D71BC0156F641EF9B74A4049809A5AB6D61BC000E31934F4B74A40D95F764F1ED61BC0A4AA09A2EEB74A402FA3586E69D51BC04E97C5C4E6B74A4086AC6EF59CD41BC0DDD26A48DCB74A406AD95A5F24D41BC0CF6BEC12D5B74A403485CE6BECD21BC0C80C54C6BFB74A406DC5FEB27BD21BC04F232D95B7B74A4051DA1B7C61D21BC0327216F6B4B74A406E5166834CD21BC0CF143AAFB1B74A40183E22A644D21BC0F90FE9B7AFB74A40E0DBF4673FD21BC0240B98C0ADB74A40E0DBF4673FD21BC0419FC893A4B74A401878EE3D5CD21BC0410E4A9869B74A40DF4F8D976ED21BC0336DFFCA4AB74A4018EC866D8BD21BC05070B1A206B74A406DFFCA4A93D21BC0A54929E8F6B64A408AB0E1E995D21BC0825660C8EAB64A4031EBC5504ED41BC0F4FDD478E9B64A4069E388B5F8D41BC0F4FDD478E9B64A4011AAD4EC81D61BC05E807D74EAB64A40BB7EC16ED8D61BC0A52C431CEBB64A4047ACC5A700D81BC010AFEB17ECB64A40B6847CD0B3D91BC097E2AAB2EFB64A40D21DC4CE14DA1BC0DE8E705AF0B64A405F419AB168DA1BC049111956F1B64A4025E99AC937DB1BC0AD6EF59CF4B64A40062AE3DF67DC1BC07B4E7ADFF8B64A400664AF777FDC1BC0C2FA3F87F9B64A40CDAFE600C1DC1BC02C7DE882FAB64A401FD7868A71DE1BC0EC12D55B03B74A40016A6AD95ADF1BC02575029A08B74A40AA4885B185E01BC0C959D8D30EB74A40E140481630E11BC0E50AEF7211B74A40A80018CFA0E11BC097395D1613B74A406E4C4F58E2E11BC002BC051214B74A408AE5965643E21BC06C3EAE0D15B74A40168733BF9AE31BC0ACC5A70018B74A40F7AFAC3429E51BC0E527D53E1DB74A404BCD1E6805E61BC09031772D21B74A40F437A11001E71BC09E98F56228B74A4080F10C1AFAE71BC017821C9430B74A40D50451F701E81BC03A58FFE730B74A4029E8F692C6E81BC0D717096D39B74A407E6FD39FFDE81BC0D0F23CB83BB74A409A42E73576E91BC073D712F241B74A4060EAE74D45EA1BC07A19C5724BB74A407B319413EDEA1BC03AAFB14B54B74A40967840D994EB1BC01E1B81785DB74A40E97DE36BCFEC1BC00FEECEDA6DB74A407689EAAD81ED1BC05DDC460378B74A40CAE0287975EE1BC0C87BD5CA84B74A40ACC5A70018EF1BC08811C2A38DB74A40E4F736FDD9EF1BC0B329577897B74A40C616821C94F01BC00118CFA0A1B74A40A661F88898F21BC0F92CCF83BBB74A40FB5C6DC5FEF21BC0EBE2361AC0B74A40328FFCC1C0F31BC087A2409FC8B74A4030478FDFDBF41BC0F9669B1BD3B74A40BD8C62B9A5F51BC02BA4FCA4DAB74A409F5912A0A6F61BC0799274CDE4B74A402A5778978BF81BC0406A1327F7B74A40F05014E813F91BC09CA223B9FCB74A400CB08F4E5DF91BC0B9533A58FFB74A40D3872EA86FF91BC00000000000B84A40605969520AFA1BC0A4E4D53906B84A405DBF60376CFB1BC0075F984C15B84A403F52448655FC1BC0077C7E1821B84A40944DB9C2BBFC1BC040DEAB5626B84A407380608E1EFF1BC00E15E3FC4DB84A405743E21E4BFF1BC07172BF4351B84A401D8F19A88CFF1BC01C7C613255B84A4037A6272CF1001CC05C3D27BD6FB84A401A8BA6B393011CC0A306D3307CB84A403524EEB1F4011CC0D44334BA83B84A408A592F8672021CC0B18A37328FB84A40DE8E705AF0021CC01B2AC6F99BB84A40A1D634EF38051CC03EAE0D15E3B84A4084BBB376DB051CC09B030473F4B84A40D8648D7A88061CC0FE7DC68503B94A40F437A11001071CC0BE13B35E0CB94A400C0742B280091CC0302FC03E3AB94A40ED478AC8B00A1CC05A643BDF4FB94A407901F6D1A90B1CC0DA8F149161B94A40959A3DD00A0C1CC0A14ACD1E68B94A402310AFEB170C1CC00CCD751A69B94A40E9B7AF03E70C1CC00CEA5BE674B94A40205ED72FD80D1CC0BD35B05582B94A40E605D847A70E1CC02FFA0AD28CB94A40E3DF675C38101CC068791EDC9DB94A40545227A089101CC0A80018CFA0B94A401A34F44F70111CC0D93D7958A8B94A4089981249F4121CC0B6847CD0B3B94A404D327216F6141CC02849D74CBEB94A4066BD18CA89161CC0CB2DAD86C4B94A40D8BB3FDEAB161CC0598638D6C5B94A40825660C8EA161CC0C408E1D1C6B94A4010069E7B0F171CC02F8B89CDC7B94A40D717096D39171CC0990D32C9C8B94A409E29745E63171CC00490DAC4C9B94A40D6AD9E93DE171CC02041F163CCB94A4080828B1535181CC060C8EA56CFB94A40D21DC4CE141A1CC07D96E7C1DDB94A40268DD13AAA1A1CC09947FE60E0B94A4042EC4CA1F31A1CC004CAA65CE1B94A40240B98C0AD1B1CC0B6F81400E3B94A4024456458C51B1CC0B6F81400E3B94A40247F30F0DC1B1CC0922232ACE2B94A403E22A644121D1CC0A06CCA15DEB94A40E8F692C6681D1CC012143FC6DCB94A401FD7868A711E1CC08BE07F2BD9B94A400000000000201CC0527E52EDD3B94A40E25817B7D1201CC012F758FAD0B94A405305A3923A211CC060C8EA56CFB94A406DCA15DEE5221CC00490DAC4C9B94A403AAFB14B542F1CC0F6D1A92B9FB94A4037C30DF8FC301CC0BD6F7CED99B94A401A34F44F70311CC0E86A2BF697B94A406B9F8EC70C341CC08B321B6492B94A40F4F8BD4D7F361CC0BD5296218EB94A40F41ABB44F5361CC053D0ED258DB94A400D6C956071381CC0361FD7868AB94A402783A3E4D5391CC0F697DD9387B94A40D1798D5DA23A1CC044696FF085B94A402497FF907E3B1CC0DAE6C6F484B94A40B18A37328F3C1CC0933A014D84B94A40CCD1E3F7363D1CC0933A014D84B94A403D0AD7A3703D1CC06F641EF983B94A4003B2D7BB3F3E1CC06F641EF983B94A400118CFA0A13F1CC0FDBCA94885B94A40FE43FAEDEB401CC0D3C1FA3F87B94A40A6D0798D5D421CC0361FD7868AB94A40BF654E97C5441CC08B321B6492B94A40BE4D7FF623451CC0840D4FAF94B94A4082397AFCDE461CC021CD58349DB94A40802BD9B111481CC00B5EF415A4B94A407B832F4CA64A1CC0B6847CD0B3B94A407AC7293A924B1CC05969520ABAB94A4005A3923A014D1CC0F6285C8FC2B94A40931804560E4D1CC019FF3EE3C2B94A40AEBB79AA434E1CC0BDE3141DC9B94A4039B9DFA128501CC03DF20703CFB94A4070253B3602511CC0CB4A9352D0B94A4053E8BCC62E511CC0EF2076A6D0B94A4052B81E85EB511CC0A774B0FECFB94A40C2C073EFE1521CC0F645425BCEB94A406C5B94D920531CC0D26F5F07CEB94A40DD7BB8E4B8531CC02041F163CCB94A406AD95A5F24541CC0B6BE4868CBB94A40A1A17F828B551CC0A032FE7DC6B94A40F4F8BD4D7F561CC019FF3EE3C2B94A40F2B0506B9A571CC0B6A1629CBFB94A400D54C6BFCF581CC0C4EBFA05BBB94A40B532E197FA591CC0618E1EBFB7B94A405FB532E1975A1CC0AF5FB01BB6B94A405E9D6340F65A1CC0210725CCB4B94A400708E6E8F15B1CC0B6847CD0B3B94A403F524486555C1CC0D95A5F24B4B94A403EE8D9ACFA5C1CC068B3EA73B5B94A4005A8A9656B5D1CC019E25817B7B94A40E6E8F17B9B5E1CC02F6EA301BCB94A401E1B81785D5F1CC0FD4D2844C0B94A40C87BD5CA845F1CC068D0D03FC1B94A40003ACC9717601CC07D5C1B2AC6B94A40AA0EB9196E601CC00490DAC4C9B94A4037E0F3C308611CC059A31EA2D1B94A4053793BC269611CC0B6DB2E34D7B94A40E12879758E611CC0FD87F4DBD7B94A40367689EAAD611CC0670A9DD7D8B94A40A7E8482EFF611CC0A79196CADBB94A40520FD1E80E621CC084BBB376DBB94A40C30DF8FC30621CC03D0FEECEDAB94A40518369183E621CC03D0FEECEDAB94A40185B087250621CC03D0FEECEDAB94A40A6D0798D5D621CC084BBB376DBB94A403546EBA86A621CC0CB67791EDCB94A405131CEDF84621CC07D96E7C1DDB94A40C3F5285C8F621CC0529B38B9DFB94A40DFA63FFB91621CC0E0F3C308E1B94A40FB57569A94621CC0922232ACE2B94A40FA6184F068631CC0D9CEF753E3B94A40FA9B508880631CC0FDA4DAA7E3B94A404F5DF92CCF631CC04451A04FE4B94A404985B18520671CC0EE5A423EE8B94A40D6A8876874671CC0350708E6E8B94A409CA223B9FC671CC07DB3CD8DE9B94A40D3DEE00B93691CC0BD3AC780ECB94A40CF4E0647C96B1CC0D2C6116BF1B94A405C72DC291D6C1CC0601F9DBAF2B94A4023BE13B35E6C1CC084F57F0EF3B94A403F6F2A52616C1CC0F59CF4BEF1B94A4078D15790666C1CC08B1A4CC3F0B94A40EA95B20C716C1CC02098A3C7EFB94A405C5A0D897B6C1CC0D9EBDD1FEFB94A402332ACE28D6C1CC0D9EBDD1FEFB94A40226C787AA56C1CC0D9EBDD1FEFB94A40CD920035B56C1CC02098A3C7EFB94A4022A64412BD6C1CC08B1A4CC3F0B94A405B087250C26C1CC0D2C6116BF1B94A40CCB4FD2B2B6D1CC03524EEB1F4B94A40917EFB3A706E1CC0E7525C55F6B94A4058CA32C4B16E1CC02EFF21FDF6B94A401D5A643BDF6F1CC0BC57AD4CF8B94A401CB62DCA6C701CC0BC57AD4CF8B94A40A9FB00A436711CC027DA5548F9B94A406DFFCA4A93721CC06E861BF0F9B94A40FA449E245D731CC0D2E3F736FDB94A40A453573ECB731CC0126BF12900BA4A40C0266BD443741CC0042159C004BA4A40132C0E677E751CC0FC1873D712BA4A402CB7B41A12771CC02E73BA2C26BA4A40F302ECA353771CC06EFAB31F29BA4A40D673D2FBC6771CC0EE08A7052FBA4A4064E94317D4771CC08386FE092EBA4A404772F90FE9771CC03CDA38622DBA4A402BFBAE08FE771CC03CDA38622DBA4A40F2D24D6210781CC060B01BB62DBA4A408048BF7D1D781CC08386FE092EBA4A40F20C1AFA27781CC0EE08A7052FBA4A409CA73AE466781CC091D0967329BA4A4062F3716DA8781CC0CA15DEE522BA4A402905DD5ED2781CC0FC3559A31EBA4A40459E245D33791CC0679B1BD313BA4A400B24287E8C791CC0CBDB114E0BBA4A4099D36531B1791CC08B54185B08BA4A40EE940ED6FF791CC075C8CD7003BA4A4027F73B14057A1CC052F2EA1C03BA4A40EDF0D7648D7A1CC01990BDDEFDB94A40B4B0A71DFE7A1CC020B58993FBB94A4096218E75717B1CC0D908C4EBFAB94A40956588635D7C1CC0B532E197FAB94A405AF5B9DA8A7D1CC020B58993FBB94A40AEF02E17F17D1CC0FCDEA63FFBB94A40E700C11C3D7E1CC04BB0389CF9B94A40E674594C6C7E1CC0BC57AD4CF8B94A40E674594C6C7E1CC02EFF21FDF6B94A40E674594C6C7E1CC0A0A696ADF5B94A40E674594C6C7E1CC0124E0B5EF4B94A403C889D29747E1CC0601F9DBAF2B94A40919BE1067C7E1CC0F59CF4BEF1B94A403BC269C18B7E1CC08B1A4CC3F0B94A40AE122C0E677E1CC0C45F9335EAB94A40757632384A7E1CC0207BBDFBE3B94A40598B4F01307E1CC0A79196CADBB94A40AE64C746207E1CC0F645425BCEB94A4003780B24287E1CC0C4CE143AAFB94A40753C66A0327E1CC028F224E99AB94A40AE9E93DE377E1CC0BD5296218EB94A40E700C11C3D7E1CC03602F1BA7EB94A40CA4FAA7D3A7E1CC0444C89247AB94A40E700C11C3D7E1CC05396218E75B94A4003B2D7BB3F7E1CC03D0AD7A370B94A4075029A081B7E1CC0AFB14B546FB94A409279E40F067E1CC0FD82DDB06DB94A40923F1878EE7D1CC0764F1E166AB94A40758E01D9EB7D1CC0A14ACD1E68B94A40E7525C55F67D1CC061C3D32B65B94A40E78C28ED0D7E1CC068E89FE062B94A403C4ED1915C7E1CC0FE65F7E461B94A40032670EB6E7E1CC0FE65F7E461B94A40AD4CF8A57E7E1CC04512BD8C62B94A40742497FF907E1CC01A170E8464B94A40029A081B9E7E1CC05A9E077767B94A40C91F0C3CF77E1CC02FA3586E69B94A40C8073D9B557F1CC0764F1E166AB94A40E4141DC9E57F1CC09A25016A6AB94A401ADD41EC4C811CC005A8A9656BB94A408AE5965643821CC005A8A9656BB94A40C095ECD808841CC0E1D1C6116BB94A4084F57F0EF3851CC005A8A9656BB94A40D942908312861CC005A8A9656BB94A40F5A10BEA5B861CC0287E8CB96BB94A409F76F86BB2861CC0FD82DDB06DB94A40BB9BA73AE4861CC0FD82DDB06DB94A404985B18520871CC0FD82DDB06DB94A40632827DA55881CC0452FA3586EB94A4044696FF085891CC0F65D11FC6FB94A40EEEBC039238A1CC085B69C4B71B94A40404D2D5BEB8B1CC0C53D963E74B94A407767EDB60B8D1CC0289B728577B94A40596E6935248E1CC0D3A414747BB94A40AA2B9FE579901CC044696FF085B94A40E38DCC237F901CC044696FF085B94A40C5E6E3DA50911CC0EF7211DF89B94A40C47C7901F6911CC00B24287E8CB94A4051888043A8921CC004FF5BC98EB94A404DD6A88768941CC061376C5B94B94A40D9EBDD1FEF951CC0E86A2BF697B94A40F4A62215C6961CC0E1455F419AB94A4063450DA661981CC0FDF675E09CB94A40D2A92B9FE5991CC021CD58349DB94A40B48EAA26889A1CC044A33B889DB94A40D061BEBC009B1CC068791EDC9DB94A40062AE3DF679C1CC044A33B889DB94A40CC457C27669D1CC0FDF675E09CB94A403A58FFE7309F1CC028F224E99AB94A40ABECBB22F89F1CC076C3B64599B94A40E08442041CA21CC03D61890794B94A406CEC12D55BA31CC06F8104C58FB94A404D2D5BEB8BA41CC00B24287E8CB94A40118DEE2076A61CC0F697DD9387B94A40F437A11001A71CC044696FF085B94A402BA4FCA4DAA71CC028B8585183B94A40ED478AC8B0AA1CC03D27BD6F7CB94A407923F3C81FAC1CC02176A6D079B94A40AEF545425BAE1CC02FC03E3A75B94A40548CF337A1B01CC061E0B9F770B94A40DF15C1FF56B21CC0452FA3586EB94A4086AC6EF59CB41CC0287E8CB96BB94A40D8F50B76C3B61CC00CCD751A69B94A409947FE60E0B91CC013F241CF66B94A4096218E7571BB1CC061C3D32B65B94A40969526A5A0BB1CC061C3D32B65B94A40766C04E275BD1CC0DA8F149161B94A40E8305F5E80BD1CC0B6B9313D61B94A4002BC051214BF1CC0E8D9ACFA5CB94A4000529B38B9BF1CC0EFFE78AF5AB94A407138F3AB39C01CC01AFA27B858B94A40FCFB8C0B07C21CC05A643BDF4FB94A406DCA15DEE5C21CC045D8F0F44AB94A40302AA913D0C41CC0DA38622D3EB94A40BDA94885B1C51CC0137EA99F37B94A402E90A0F831C61CC0459E245D33B94A40D50451F701C81CC077A1B94E23B94A40B7D100DE02C91CC029B3412619B94A40D23AAA9A20CA1CC005C078060DB94A402506819543CB1CC00CC85EEFFEB84A407845F0BF95CC1CC069C6A2E9ECB84A403B8DB454DECE1CC01B9E5E29CBB84A4000E31934F4CF1CC0E21E4B1FBAB84A401904560E2DD21CC00DC347C494B84A40C156091687D31CC00D897B2C7DB84A40DC291DACFFD31CC071C971A774B84A40BFD4CF9B8AD41CC046B1DCD26AB84A40F5D6C05609D61CC055C1A8A44EB84A40D7A3703D0AD71CC0B8E4B8533AB84A40F180B22957D81CC0554D10751FB84A40B64AB0389CD91CC0AB09A2EE03B84A40990D32C9C8D91CC00000000000B84A4041D47D0052DB1CC000A94D9CDCB74A40CE531D7233DC1CC040F67AF7C7B74A4077F86BB246DD1CC0DD5ED218ADB74A402063EE5A42DE1CC02BF697DD93B74A40AD342905DDDE1CC0A4A5F27684B74A40E50AEF7211DF1CC08F19A88C7FB74A401CEBE2361AE01CC0255D33F966B74A406F641EF983E11CC0F3E505D847B74A40FD87F4DBD7E11CC0C1A8A44E40B74A40C381902C60E21CC02C0E677E35B74A404F232D95B7E31CC0A5A0DB4B1AB74A40BE874B8E3BE51CC0B4B0A71DFEB64A402D26361FD7E61CC0C2C073EFE1B64A40295C8FC2F5E81CC050C24CDBBFB64A40EE5F596952EA1CC04963B48EAAB64A40D122DBF97EEA1CC02DB29DEFA7B64A40CEC29E76F8EB1CC091D5AD9E93B64A40E89FE06245ED1CC058569A9482B64A409014916115EF1CC0E674594C6CB64A408C101E6D1CF11CC02EE7525C55B64A408AC8B08A37F21CC00AF4893C49B64A404FCC7A3194F31CC035D252793BB64A4084D89942E7F51CC052499D8026B64A40467C2766BDF81CC00B630B410EB64A402979758E01F91CC01288D7F50BB64A400B24287E8CF91CC0D925AAB706B64A400AA2EE0390FA1CC0F5B9DA8AFDB54A403D0AD7A370FD1CC06E4C4F58E2B54A403A92CB7F48FF1CC0A774B0FECFB54A40E2CCAFE600011DC00473F4F8BDB54A40A774B0FECF011DC068B3EA73B5B54A40FB7953910A031DC09291B3B0A7B54A40DC4603780B041DC0DA20938C9CB54A402EE23B31EB051DC08C15359886B54A40F3716DA818071DC04C7155D977B54A40287E8CB96B091DC0A852B3075AB54A40D0F23CB83B0B1DC0F0C4AC1743B54A40EB73B515FB0B1DC0A1D634EF38B54A40B1A71DFE9A0C1DC0E140481630B54A40917EFB3A700E1DC0C55565DF15B54A403A75E5B33C0F1DC0A2629CBF09B54A405682C5E1CC0F1DC005A3923A01B54A40AAB706B64A101DC01B12F758FAB44A40FC1873D712121DC070CE88D2DEB44A40DF89592F86121DC062670A9DD7B44A4031992A1895141DC0143FC6DCB5B44A40117008556A161DC0BFF1B56796B44A40BB44F5D6C0161DC03FE3C28190B44A40D6C56D3480171DC08D976E1283B44A40D235936FB6191DC0E3361AC05BB44A4025E99AC9371B1DC055A4C2D842B44A40ECFA05BB611B1DC038F3AB3940B44A4041481630811B1DC0401878EE3DB44A40CFF753E3A51B1DC06A1327F73BB44A405C8FC2F5281C1DC01500E31934B44A40062AE3DF671C1DC06AF6402B30B44A40040473F4F81D1DC06ABC749318B44A40AB2688BA0F201DC0EB73B515FBB34A406F641EF983211DC000C63368E8B34A40DE54A4C2D8221DC0569FABADD8B34A40A4880CAB78231DC024624A24D1B34A40DBC4C9FD0E251DC0C80C54C6BFB34A40D942908312261DC0C1CAA145B6B34A40D4D4B2B5BE281DC0C8B5A1629CB34A40EFC9C342AD291DC02BF697DD93B34A407CED9925012A1DC0C898BB9690B34A40D122DBF97E2A1DC0FAB836548CB34A40B459F5B9DA2A1DC0965B5A0D89B34A40CD58349D9D2C1DC00F0BB5A679B34A40CBBE2B82FF2D1DC00FEECEDA6DB34A4003CFBD874B2E1DC0F33CB83B6BB34A40FE60E0B9F7301DC0ECDD1FEF55B34A406BF12900C6331DC05001309E41B34A406B65C22FF5331DC0C1A8A44E40B34A402B4D4A41B7371DC010406A1327B34A4040F67AF7C73B1DC0A583F57F0EB34A40C959D8D30E3F1DC0DEAB5626FCB24A40A52C431CEB421DC065A54929E8B24A40BFB7E9CF7E441DC03468E89FE0B24A404C37894160451DC0895E46B1DCB24A4082734694F6461DC09FCDAACFD5B24A409B38B9DFA1481DC090662C9ACEB24A40D0B87020244B1DC089247A19C5B24A40CE70033E3F4C1DC002F1BA7EC1B24A40CCEEC9C3424D1DC07BBDFBE3BDB24A403333333333531DC0983446EBA8B24A40DBA7E33103551DC08ACDC7B5A1B24A40F37684D382571DC0D15CA79196B24A4026DF6C73635A1DC091B8C7D287B24A40D061BEBC005B1DC00A85083884B24A40CE1951DA1B5C1DC043CA4FAA7DB24A40210725CCB45D1DC018B2BAD573B24A40AB7823F3C85F1DC0FCE3BD6A65B24A40C6F99B5088601DC09FABADD85FB24A40FE65F7E461611DC0FCC6D79E59B24A403468E89FE0621DC0FCA9F1D24DB24A40C0E78711C2631DC0EE42739D46B24A4031CEDF8442641DC04339D1AE42B24A40689604A8A9651DC0FC6F253B36B24A404BCD1E6805661DC0BCE82B4833B24A40F241CF66D5671DC08369183E22B24A40D3DEE00B93691DC0271422E010B24A400BEF7211DF691DC0E78C28ED0DB24A402592E865146B1DC07CED992501B24A400803CFBD876B1DC08B37328FFCB14A409626A5A0DB6B1DC0040473F4F8B14A405CACA8C1346C1DC059FAD005F5B14A40931804560E6D1DC02EE23B31EBB14A40E8C1DD59BB6D1DC0FDA4DAA7E3B14A40C68A1A4CC3701DC02849D74CBEB14A40C45A7C0A80711DC044DD0720B5B14A40A6D590B8C7721DC0520ABABDA4B14A40FA0AD28C45731DC0D2FBC6D79EB14A40693524EEB1741DC0E84D452A8CB14A408542041C42751DC0933A014D84B14A404B766C04E2751DC061FD9FC37CB14A40B806B64AB0781DC0FE48111956B14A402979758E01791DC02F698CD651B14A40F08AE07F2B791DC0378E588B4FB14A407958A835CD7B1DC0850838842AB14A405BD3BCE3147D1DC07784D38217B14A40E882FA96397D1DC0A27F828B15B14A40ACA8C1340C7F1DC0F73B1405FAB04A40376C5B94D9801DC077F35487DCB04A408BFD65F7E4811DC0B01BB62DCAB04A4089EFC4AC17831DC086E63A8DB4B04A4087E123624A841DC086AC6EF59CB04A40BE13B35E0C851DC046088F368EB04A4083177D0569861DC0EA95B20C71B04A40D6A8876874871DC0EA5BE67459B04A40B9533A58FF871DC07FBC57AD4CB04A40637AC2120F881DC0F163CC5D4BB04A40B6B9313D61891DC0556AF6402BB04A40EE5F5969528A1DC0075F984C15B04A40412B3064758B1DC0C078060DFDAF4A40079964E42C8C1DC0A4AA09A2EEAF4A4021020EA14A8D1DC09D4B7155D9AF4A40C9022670EB8E1DC088855AD3BCAF4A40E40F069E7B8F1DC08143A852B3AF4A40E3C798BB96901DC024EEB1F4A1AF4A40191C25AFCE911DC081ECF5EE8FAF4A40C442AD69DE911DC0166A4DF38EAF4A40FAD005F52D931DC0963E74417DAF4A40F8FC304278941DC0A56B26DF6CAF4A404A5E9D6340961DC00FB4024356AF4A400FD6FF39CC971DC008556AF640AF4A40614F3BFC35991DC0DE1FEF552BAF4A40D21DC4CE149A1DC0E527D53E1DAF4A405D33F9669B9B1DC0A5660FB402AF4A40789CA223B99C1DC0C2DD59BBEDAE4A40CAFD0E45819E1DC0E65C8AABCAAE4A40906B43C5389F1DC058E71890BDAE4A40E57E87A2409F1DC0103B53E8BCAE4A40E4DA5031CE9F1DC02DCF83BBB3AE4A4037548CF337A11DC09817601F9DAE4A40C3D32B6519A21DC02D78D15790AE4A4089EFC4AC17A31DC09F02603C83AE4A40DC2E34D769A41DC0D105F52D73AE4A40BC79AA436EA61DC0A6D0798D5DAE4A400F0BB5A679A71DC07CB8E4B853AE4A4045BB0A293FA91DC03C1405FA44AE4A4009E1D1C611AB1DC0F54A598638AE4A407923F3C81FAC1DC05166834C32AE4A403E7958A835AD1DC0F52D73BA2CAE4A403B8DB454DEAE1DC0E7C6F48425AE4A4039454772F9AF1DC0609335EA21AE4A4053E8BCC62EB11DC0FC3559A31EAE4A406E5166834CB21DC0035B25581CAE4A4034D769A4A5B21DC0BCAE5FB01BAE4A406B2BF697DDB31DC02E56D4601AAE4A40BEF6CC9200B51DC0E7A90EB919AE4A40132C0E677EB51DC0E7A90EB919AE4A4012C2A38D23B61DC0C3D32B6519AE4A40EE940ED6FFB91DC0A72215C616AE4A402619390B7BBA1DC060764F1E16AE4A40EC12D55B03BB1DC03CA06CCA15AE4A4041BCAE5FB0BB1DC0F5F3A62215AE4A40944DB9C2BBBC1DC0679B1BD313AE4A4004CAA65CE1BD1DC0B56CAD2F12AE4A40CA37DBDC98BE1DC04BEA043411AE4A40C993A46B26BF1DC0E0675C3810AE4A40E42CEC6987BF1DC0BC9179E40FAE4A405019FF3EE3C21DC0F5D6C05609AE4A40DCF4673F52C41DC0B54FC76306AE4A40126BF12900C61DC0E76F422102AE4A40641EF98381C71DC03C66A032FEAD4A40B8AF03E78CC81DC0FCDEA63FFBAD4A40603C8386FEC91DC052D50451F7AD4A40B3EF8AE07FCB1DC03D49BA66F2AD4A403E05C07806CD1DC04B9352D0EDAD4A4092AE997CB3CD1DC09964E42CECAD4A403A234A7B83CF1DC0350708E6E8AD4A40543A58FFE7D01DC084D89942E7AD4A40C39E76F86BD21DC03D2CD49AE6AD4A406A87BF266BD41DC084D89942E7AD4A40F46C567DAED61DC0A089B0E1E9AD4A409B1BD31396D81DC04B9352D0EDAD4A407C2C7DE882DA1DC084F57F0EF3AD4A400708E6E8F1DB1DC0C47C7901F6AD4A409335EA211ADD1DC09981CAF8F7AD4A4003B2D7BB3FDE1DC027DA5548F9AD4A401C25AFCE31E01DC0D908C4EBFAAD4A408CDB68006FE11DC0D908C4EBFAAD4A4019FF3EE3C2E11DC0B532E197FAAD4A40A7E8482EFFE11DC0B532E197FAAD4A40C3BB5CC477E21DC0925CFE43FAAD4A405053CBD6FAE21DC0925CFE43FAAD4A4087A757CA32E41DC027DA5548F9AD4A4030F0DC7BB8E41DC0BC57AD4CF8AD4A40D8648D7A88E61DC0A0A696ADF5AD4A400E15E3FC4DE81DC0F59CF4BEF1AD4A40EE3D5C72DCE91DC027BD6F7CEDAD4A40CF4E0647C9EB1DC0CB845FEAE7AD4A40CD1E680586EC1DC0F67F0EF3E5AD4A401F680586ACEE1DC004CAA65CE1AD4A40C6A2E9EC64F01DC00BEF7211DFAD4A40C442AD69DEF11DC036EA211ADDAD4A406B9F8EC70CF41DC0A79196CADBAD4A40683F524486F51DC060E5D022DBAD4A40492EFF21FDF61DC084BBB376DBAD4A40B8921D1B81F81DC0CB67791EDCAD4A409B1BD31396F81DC0CB67791EDCAD4A409A25016A6AF91DC036EA211ADDAD4A405ED72FD80DFB1DC0E71890BDDEAD4A40977329AE2AFB1DC00BEF7211DFAD4A40B22E6EA301FC1DC076711B0DE0AD4A402041F163CCFD1DC0D9CEF753E3AD4A4002BC051214FF1DC0F67F0EF3E5AD4A407120240B98001EC0A089B0E1E9AD4A40A60A462575021EC0D9EBDD1FEFAD4A40884B8E3BA5031EC084F57F0EF3AD4A40156F641EF9031EC0EE77280AF4AD4A404DDBBFB2D2041EC052D50451F7AD4A409F3C2CD49A061EC0841266DAFEAD4A40637AC2120F081EC027F73B1405AE4A4044DD0720B5091EC07C0A80F10CAE4A402310AFEB170C1EC00A80F10C1AAE4A402332ACE28D0C1EC04A07EBFF1CAE4A40CCB4FD2B2B0D1EC0F5108DEE20AE4A40AC8BDB68000F1EC0AE81AD122CAE4A40C9B08A37320F1EC03CDA38622DAE4A408BA6B393C1111EC0E0DBF4673FAE4A40C156091687131EC0D8D30E7F4DAE4A40F7E461A1D6141EC0D8F0F44A59AE4A40F6402B3064151EC0352905DD5EAE4A409FE5797077161EC0CAC342AD69AE4A40B9C2BB5CC4171EC02D3E05C078AE4A40D39FFD4811191EC066BD18CA89AE4A407DE882FA96191EC0742497FF90AE4A407BA01518B21A1EC04221020EA1AE4A4024D1CB28961B1EC05FEFFE78AFAE4A403FC6DCB5841C1EC02DEC6987BFAE4A40E8305F5E801D1EC0F4C308E1D1AE4A40753C66A0321E1EC0EDBB22F8DFAE4A40904946CEC21E1EC010AFEB17ECAE4A401C5F7B6649201EC082AD122C0EAF4A401A170E8464211EC0D0B8702024AF4A406E861BF0F9211EC0892991442FAF4A40A64412BD8C221EC0D717096D39AF4A40A4880CAB78231EC05E68AED348AF4A4015E3FC4D28241EC0CF2C095053AF4A4014ED2AA4FC241EC016F6B4C35FAF4A40A18499B67F251EC0018750A566AF4A40BC57AD4CF8251EC0C84109336DAF4A4010AFEB17EC261EC0EC34D25279AF4A402BDEC83CF2271EC0EC51B81E85AF4A400DAB7823F3281EC081ECF5EE8FAF4A40616C21C841291EC0E449D23593AF4A40ED9925016A2A1EC09DBAF2599EAF4A40D1967329AE2A1EC0969526A5A0AF4A405C5A0D897B2C1EC0F90FE9B7AFAF4A40912C6002B72E1EC04F401361C3AF4A40FE9AAC510F311EC032C9C859D8AF4A40DFFDF15EB5321EC0B9196EC0E7AF4A40C1E270E657331EC015527E52EDAF4A406C43C5387F331EC0C780ECF5EEAF4A404E9CDCEF50341EC0406A1327F7AF4A40F792C6681D351EC072A774B0FEAF4A4049A297512C371EC00E84640113B04A40B5E0455F413A1EC0F12900C633B04A40957D5704FF3B1EC0DCD7817346B04A40CE8DE9094B3C1EC03F355EBA49B04A403BC269C18B3E1EC07FF6234564B04A40020EA14ACD3E1EC0E353008C67B04A40AC90F2936A3F1EC0159161156FB04A406FF085C954411EC0AA4885B185B04A40176536C824431EC0224F92AE99B04A40A4AA09A2EE431EC0BF0E9C33A2B04A408481E7DEC3451EC0A9BC1DE1B4B04A40D9CEF753E3451EC03815A930B6B04A4065E42CEC69471EC078B988EFC4B04A40B98D06F016481EC03F74417DCBB04A40EE5F5969524A1EC0B77A4E7ADFB04A403FE3C281904C1EC0A228D027F2B04A403EB324404D4D1EC02237C30DF8B04A40922232ACE24D1EC014ED2AA4FCB04A4090149161154F1EC0F758FAD005B14A40C442AD69DE511EC04C89247A19B14A40A6272CF180521EC01A69A9BC1DB14A404F401361C3531EC09352D0ED25B14A404DF8A57EDE541EC07EE36BCF2CB14A40D769A4A5F2561EC07E00529B38B14A4029CB10C7BA581EC08542041C42B14A40252367614F5B1EC0A835CD3B4EB14A4090F7AA95095F1EC02F8672A25DB14A408EE9094B3C601EC0DA8F149161B14A406F9EEA909B611EC013F241CF66B14A40C1FF56B263631EC08CDB68006FB14A40A3CC069964641EC0C53D963E74B14A404BE5ED08A7651EC01A51DA1B7CB14A4082734694F6661EC021938C9C85B14A400E4FAF9465681EC021B0726891B14A409B20EA3E00691EC0A1BE654E97B14A40D28C45D3D9691EC0F6D1A92B9FB14A40971C774A076B1EC03D9B559FABB14A402384471B476C1EC05969520ABAB14A40933A014D846D1EC00490DAC4C9B14A4059C0046EDD6D1EC0191C25AFCEB14A401D7233DC806F1EC0B6F81400E3B14A40E3C798BB96701EC0FDC1C073EFB14A40352905DD5E721EC00B46257502B24A40F9A067B3EA731EC04BEA043411B24A40DA03ADC090751EC043E21E4B1FB24A409E077767ED761EC0B5A679C729B24A40809A5AB6D6771EC0A03715A930B24A40D2FBC6D79E791EC058A835CD3BB24A40098A1F63EE7A1EC08AE5965643B24A40401878EE3D7C1EC051A04FE449B24A407632384A5E7D1EC08A027D224FB24A4092054CE0D67D1EC03C31EBC550B24A4074D2FBC6D77E1EC0E73A8DB454B24A408F19A88C7F7F1EC0BC3FDEAB56B24A40E370E65773801EC0FCC6D79E59B24A406F9EEA909B811EC05F24B4E55CB24A40DE3CD52137831EC09FABADD85FB24A405001309E41831EC09FABADD85FB24A40F7E978CC40851EC09886E12362B24A40BC57AD4CF8851EC0BC5CC47762B24A400E2DB29DEF871EC0BC5CC47762B24A40EE5F5969528A1EC09FABADD85FB24A405F46B1DCD28A1EC07CD5CA845FB24A40B1A71DFE9A8C1EC0D1CB28965BB24A40AD69DE718A8E1EC051BD35B055B24A40E31934F44F901EC08A027D224FB24A40E2E995B20C911EC027A5A0DB4BB24A4019CA897615921EC0111956F146B24A40BF0E9C33A2941EC0F54A598638B24A40841266DAFE951EC0A03715A930B24A40BBD05CA791961EC03CDA38622DB24A40F2D24D6210981EC0E7C6F48425B24A4043041C42959A1EC05951836918B24A40E8305F5E809D1EC0605969520AB24A40E50AEF72119F1EC052F2EA1C03B24A4062D68BA19CA81EC0205ED72FD8B14A404165FCFB8CAB1EC092E86514CBB14A4094BC3AC780AC1EC0A032FE7DC6B14A403E3F8C101EAD1EC060AB048BC3B14A409088299144AF1EC05969520ABAB14A40E2E995B20CB11EC0E17F2BD9B1B14A40DFFDF15EB5B21EC0AF42CA4FAAB14A404F0647C9ABB31EC0BD8C62B9A5B14A404434BA83D8B91EC0A8C64B3789B14A40CF49EF1B5FBB1EC09A5FCD0182B14A40E8A4F78DAFBD1EC04C7155D977B14A401F11532289BE1EC0E813799274B14A4000AE64C746C01EC0680586AC6EB14A406F1283C0CAC11EC09A25016A6AB14A40894160E5D0C21EC07E74EACA67B14A4089B5F81400C31EC05A9E077767B14A40A3923A014DC41EC01A170E8464B14A408577B988EFC41EC0AF94658863B14A40677E350708C61EC0FE65F7E461B14A4083A3E4D539C61EC0DA8F149161B14A409FC893A46BC61EC0B6B9313D61B14A40F2EF332E1CC81EC0058BC3995FB14A406284F068E3C81EC0BEDEFDF15EB14A40091B9E5E29CB1EC02F8672A25DB14A4091442FA358CE1EC0A12DE7525CB14A40	0101000020E61000000100000040CE1EC0D8746EFC09B14A40	2025-12-07 15:48:24.559066+00	7	92717	4339
31	0102000020E6100000AC040000E674594C6CBE1AC0CF31207BBDD34A403DF20703CFBD1AC0B2BAD573D2D34A40207BBDFBE3BD1AC01D3D7E6FD3D34A40C959D8D30EBF1AC09626A5A0DBD34A401D554D1075BF1AC047551344DDD34A40E466B8019FBF1AC06B2BF697DDD34A40E4A08499B6BF1AC06B2BF697DDD34A40728A8EE4F2BF1AC047551344DDD34A405587DC0C37C01AC09626A5A0DBD34A40FFE7305F5EC01AC0390B7BDAE1D34A40E370E65773C01AC0799274CDE4D34A40AA4885B185C01AC0DDEF5014E8D34A4070CE88D2DEC01AC0249C16BCE8D34A40518369183EC21AC0F27B9BFEECD34A408A1F63EE5AC21AC015527E52EDD34A40342E1C08C9C21AC080D4264EEED34A4088635DDC46C31AC0C780ECF5EED34A40164D672783C31AC0C780ECF5EED34A40A4367172BFC31AC080D4264EEED34A40F9BD4D7FF6C31AC015527E52EDD34A40BF4351A04FC41AC01D774A07EBD34A404D2D5BEB8BC41AC000C63368E8D34A40DB5031CEDFC41AC032E6AE25E4D34A4085251E5036C51AC0D6AD9E93DED34A40A1BE654E97C51AC00EF3E505D8D34A40670A9DD7D8C51AC0401361C3D3D34A4084F57F0EF3C51AC06B0E10CCD1D34A402E1C08C902C61AC0008C67D0D0D34A4012A5BDC117C61AC0B9DFA128D0D34A4066DAFE9595C61AC0A453573ECBD34A40499D8026C2C61AC016FBCBEEC9D34A40F4C308E1D1C61AC0F224E99AC9D34A409E5E29CB10C71AC064CC5D4BC8D34A402CBCCB457CC71AC0F949B54FC7D34A409D685721E5C71AC0B29DEFA7C6D34A406440F67AF7C71AC0B29DEFA7C6D34A40F111312592C81AC0D673D2FBC6D34A4029AE2AFBAEC81AC0B29DEFA7C6D34A40D40E7F4DD6C81AC0D673D2FBC6D34A40EF0390DAC4C91AC0F949B54FC7D34A405F24B4E55CCA1AC0F949B54FC7D34A40B459F5B9DACA1AC0B29DEFA7C6D34A40D07EA4880CCB1AC0B29DEFA7C6D34A40D0F23CB83BCB1AC088855AD3BCD34A40B37BF2B050CB1AC0DD7BB8E4B8D34A40257A19C572CB1AC0C8EF6DFAB3D34A4096B20C71ACCB1AC0DD5ED218ADD34A4095D4096822CC1AC0419FC893A4D34A402332ACE28DCC1AC09DBAF2599ED34A4004392861A6CD1AC0A4C2D84290D34A403C31EBC550CE1AC07AAA436E86D34A403CA583F57FCE1AC03A234A7B83D34A401EC4CE143ACF1AC05DDC460378D34A4001FBE8D495CF1AC0DDCD531D72D34A40E3A59BC420D01AC0B3B5BE4868D34A40C72E51BD35D01AC0255D33F966D34A40718FA50F5DD01AC0C1FF56B263D34A40548CF337A1D01AC041F163CC5DD34A403815A930B6D01AC0481630815BD34A4054742497FFD01AC0888043A852D34A4053E8BCC62ED11AC09EEFA7C64BD34A40FD82DDB06DD11AC001309E4143D34A40535C55F65DD11AC0BA83D89942D34A40FE0E45813ED11AC0C1A8A44E40D34A407099D36531D11AC0335019FF3ED34A40E223624A24D11AC05E4BC8073DD34A40A9C1340C1FD11AC0AC1C5A643BD34A408C101E6D1CD11AC0D717096D39D34A40A9C1340C1FD11AC06C95607138D34A40FED478E926D11AC073BA2C2636D34A4053E8BCC62ED11AC0E561A1D634D34A40C5AC174339D11AC07ADFF8DA33D34A40C5E6E3DA50D11AC08104C58F31D34A40535C55F65DD11AC03A58FFE730D34A40FD82DDB06DD11AC0D0D556EC2FD34A408CF84ECC7AD11AC0ACFF73982FD34A40A8E3310395D11AC0892991442FD34A40520ABABDA4D11AC0892991442FD34A40E17F2BD9B1D11AC0ACFF73982FD34A40FD6A0E10CCD11AC0ACFF73982FD34A40527E52EDD3D11AC0D0D556EC2FD34A408BE07F2BD9D11AC0F3AB394030D34A40350708E6E8D11AC03A58FFE730D34A408B1A4CC3F0D11AC08104C58F31D34A40A7052FFA0AD21AC07ADFF8DA33D34A40E0675C3810D21AC09EB5DB2E34D34A40522CB7B41AD21AC02C0E677E35D34A40C364AA6054D21AC0B341261939D34A406E8B321B64D21AC0FAEDEBC039D34A408A7615527ED21AC0657094BC3AD34A406DFFCA4A93D21AC0657094BC3AD34A40A5BDC11726D31AC0D0F23CB83BD34A406BB75D68AED31AC0F3C81F0C3CD34A404E2844C021D41AC0F3C81F0C3CD34A40DB334B02D4D41AC0D0F23CB83BD34A4084D89942E7D51AC0FAEDEBC039D34A40836E2F698CD61AC048BF7D1D38D34A40BADA8AFD65D71AC0E561A1D634D34A4064E94317D4D71AC0105D50DF32D34A40B806B64AB0D81AC01EA7E8482ED34A40444C89247AD91AC0091B9E5E29D34A400AF4893C49DA1AC06536C82423D34A402575029A08DB1AC0C251F2EA1CD34A407940D9942BDC1AC009E1D1C611D34A409335EA211ADD1AC0971C774A07D34A403DF20703CFDD1AC0D7868A71FED24A405839B4C876DE1AC0F41ABB44F5D24A40E4141DC9E5DF1AC0EDBB22F8DFD24A40FF21FDF675E01AC097A8DE1AD8D24A408CF337A110E11AC042959A3DD0D24A403524EEB1F4E11AC0D0D03FC1C5D24A40894160E5D0E21AC0103B53E8BCD24A4015A930B610E41AC034F44F70B1D24A40309E4143FFE41AC0268DD13AAAD24A40A18499B67FE51AC07B832F4CA6D24A4083177D0569E61AC04A46CEC29ED24A40F3E505D847E71AC0F4328AE596D24A40F14BFDBCA9E81AC066BD18CA89D24A4027C286A757EA1AC02D3E05C078D24A4041F163CC5DEB1AC051F701486DD24A4094A46B26DFEC1AC08A1F63EE5AD24A40AD69DE718AEE1AC03C1405FA44D24A4053AEF02E17F11AC08369183E22D24A40A7B393C151F21AC06EC0E78711D24A40DBBFB2D2A4F41AC08B1A4CC3F0D14A40A297512CB7F41AC0D9EBDD1FEFD14A40145CACA8C1F41AC04B9352D0EDD14A40F7E461A1D6F41AC02EE23B31EBD14A40DB334B02D4F41AC0E7357689EAD14A40A2D11DC4CEF41AC0350708E6E8D14A40BF823463D1F41AC0A7AE7C96E7D14A40DB334B02D4F41AC03D2CD49AE6D14A404DF8A57EDEF41AC0AED3484BE5D14A40A20BEA5BE6F41AC0207BBDFBE3D14A40BEF6CC9200F51AC06E4C4F58E2D14A40F792C6681DF51AC004CAA65CE1D14A40695721E527F51AC004CAA65CE1D14A40F7CC920035F51AC004CAA65CE1D14A40BEA4315A47F51AC004CAA65CE1D14A404C1AA37554F51AC027A089B0E1D14A40A12DE7525CF51AC04B766C04E2D14A402FA3586E69F51AC06E4C4F58E2D14A40F6EE8FF7AAF51AC0529B38B9DFD14A40BDC62E51BDF51AC00BEF7211DFD14A4067614F3BFCF51AC0A79196CADBD14A40BCE82B4833F61AC04434BA83D8D14A40111E6D1CB1F61AC012F758FAD0D14A40D8BB3FDEABF61AC060C8EA56CFD14A40BB0A293FA9F61AC0F645425BCED14A40BB0A293FA9F61AC08BC3995FCDD14A40D8BB3FDEABF61AC0B6BE4868CBD14A402DCF83BBB3F61AC02766BD18CAD14A409F93DE37BEF61AC0990D32C9C8D14A409FCDAACFD5F61AC00BB5A679C7D14A4065A54929E8F61AC0C408E1D1C6D14A4065DF15C1FFF61AC0A032FE7DC6D14A406519E25817F71AC0A032FE7DC6D14A4049A297512CF71AC0C408E1D1C6D14A409EEFA7C64BF71AC076374F75C8D14A4065C746205EF71AC02766BD18CAD14A40BADA8AFD65F71AC092E86514CBD14A40F33CB83B6BF71AC02041F163CCD14A40F33CB83B6BF71AC0D26F5F07CED14A40D68BA19C68F71AC060C8EA56CFD14A409E29745E63F71AC0CB4A9352D0D14A402C6519E258F71AC0BD00FBE8D4D14A400FB4024356F71AC04434BA83D8D14A400FB4024356F71AC0F6622827DAD14A409E29745E63F71AC00BEF7211DFD14A400F9C33A2B4F71AC004E78C28EDD14A406397A8DE1AF81AC0F5B9DA8AFDD14A4029CB10C7BAF81AC08B71FE2614D24A40D46531B1F9F81AC0035B25581CD24A4026C79DD2C1FA1AC0EE5F596952D24A40098A1F63EEFA1AC06649809A5AD24A4096218E7571FB1AC0CAC342AD69D24A404148163081FB1AC07CF2B0506BD24A40CE1951DA1BFC1AC01FF46C567DD24A40789CA223B9FC1AC0742497FF90D24A403EE8D9ACFAFC1AC0ED0DBE3099D24A40CC9717601FFD1AC0DFC325C79DD24A4075B0FECF61FE1AC082FFAD64C7D24A408FA50F5D50FF1AC065A54929E8D24A408EE9094B3C001BC0D7A3703D0AD34A40707CED9925011BC01EA7E8482ED34A4035D252793B021BC0DE9387855AD34A40C1FF56B263031BC0ABE7A4F78DD34A40A31EA2D11D041BC088687407B1D34A404D158C4AEA041BC09D4B7155D9D34A40F7AFAC3429051BC0E4141DC9E5D34A40D942908312061BC01CEBE2361AD44A40D97C5C1B2A061BC09CF9D51C20D44A409FB0C403CA061BC0DCD7817346D44A40D66EBBD05C071BC046B1DCD26AD44A409D685721E5071BC094D920938CD44A400EA14ACD1E081BC0FF78AF5A99D44A40F0F96184F0081BC0C6A70018CFD44A409A081B9E5E091BC09BE61DA7E8D44A40618E1EBFB7091BC01B12F758FAD44A4099D87C5C1B0A1BC0BE13B35E0CD54A4060B01BB62D0A1BC022718FA50FD54A405F5E807D740A1BC0B70BCD751AD54A407AA52C431C0B1BC04CC3F01131D54A40083D9B559F0B1BC0F7E978CC40D54A405CE674594C0C1BC0E197FA7953D54A4077A1B94E230D1BC0A14ACD1E68D54A403C8386FE090E1BC0F67AF7C77BD54A4058A835CD3B0E1BC0A18499B67FD54A403C31EBC5500E1BC07689EAAD81D54A4090DAC4C9FD0E1BC0E12879758ED54A407233DC80CF0F1BC0FDF675E09CD54A40AA656B7D91101BC021EA3E00A9D54A40A86F99D365111BC0210725CCB4D54A40A81DFE9AAC111BC0A83AE466B8D54A403541D47D00121BC0761A69A9BCD54A40352905DD5E121BC068D0D03FC1D54A40DE59BBED42131BC0B6BE4868CBD54A40F8FC304278141BC0D9B11188D7D54A404C6C3EAE0D151BC036EA211ADDD54A40A1A17F828B151BC027A089B0E1D54A40F4F8BD4D7F161BC0C45F9335EAD54A4082902C6002171BC06E693524EED54A402C2B4D4A41171BC0446E861BF0D54A4047ACC5A700181BC02EFF21FDF6D54A4063B9A5D590181BC0FCDEA63FFBD54A40B7B41A12F7181BC0841266DAFED54A40B7627FD93D191BC07CED992501D64A4099D36531B1191BC027F73B1405D64A409981CAF8F7191BC044A852B307D64A4025AFCE31201B1BC0D942908312D64A40410E4A98691B1BC0F5F3A62215D64A4008944DB9C21B1BC07C2766BD18D64A403F8C101E6D1C1BC0AE64C74620D64A40E71890BDDE1D1BC08386FE092ED64A40020EA14ACD1E1BC067F2CD3637D64A401CD3139678201BC0EE42739D46D64A401895D40968221BC091442FA358D64A404C7155D977251BC0EDB60BCD75D64A40478FDFDBF4271BC0A64412BD8CD64A402A3A92CB7F281BC0037D224F92D64A409ACE4E0647291BC05890662C9AD64A400B293FA9F6291BC0D1798D5DA2D64A405E2EE23B312B1BC07BA01518B2D64A403F355EBA492C1BC0499D8026C2D64A40931804560E2D1BC06D904946CED64A403D27BD6F7C2D1BC07BF7C77BD5D64A40596E6935242E1BC09EEA909BE1D64A40AD2F12DA722E1BC042CF66D5E7D64A40022B8716D92E1BC0BBB88D06F0D64A403BC780ECF52E1BC0B493C151F2D64A40560E2DB29D2F1BC0F437A11001D74A407155D97745301BC09E5E29CB10D74A40A94D9CDCEF301BC04260E5D022D74A40A86F99D365311BC017821C9430D74A40179AEB34D2321BC0FA449E245DD74A40DD0720B589331BC04F75C8CD70D74A40BF60376C5B341BC033FE7DC685D74A40A27F828B15351BC048A7AE7C96D74A40D9B11188D7351BC0F2CD3637A6D74A402D95B7239C361BC05648F949B5D74A404772F90FE9371BC0C7293A92CBD74A409B8F6B43C5381BC079758E01D9D74A409AB1683A3B391BC04030478FDFD74A400AF4893C493A1BC0392861A6EDD74A40268DD13AAA3A1BC02BDEC83CF2D74A407AFCDEA63F3B1BC039454772F9D74A40B1169F02603C1BC05C38109205D84A402159C0046E3D1BC0CEFC6A0E10D84A40E6AE25E4833E1BC0D53E1D8F19D84A401E335019FF3E1BC05C72DC291DD84A401EA7E8482E3F1BC0EACA67791ED84A40A80018CFA0411BC06AF6402B30D84A40884B8E3BA5431BC05CC98E8D40D84A40F73B1405FA441BC0A3923A014DD84A40828B153598461BC0B83B6BB75DD84A400FB9196EC0471BC046B1DCD26AD84A409A94826E2F491BC0A306D3307CD84A40D122DBF97E4A1BC0FF5BC98E8DD84A405D8AABCABE4B1BC0A25D85949FD84A40772D211FF44C1BC0B1E1E995B2D84A40AF997CB3CD4D1BC0A9D903ADC0D84A403B8DB454DE4E1BC0DB334B02D4D84A40C746205ED74F1BC0A20BEA5BE6D84A4053E8BCC62E511BC02979758E01D94A40FC1873D712521BC085CE6BEC12D94A40A4A5F27684531BC0C58F31772DD94A4014967840D9541BC07E1D386744D94A402FDD240681551BC0CC0BB08F4ED94A40D8BB3FDEAB561BC0B6B9313D61D94A40622D3E05C0581BC03602F1BA7ED94A40EE7C3F355E5A1BC03D61890794D94A400612143FC65C1BC004560E2DB2D94A40207BBDFBE35D1BC0D97745F0BFD94A4072FE261422601BC0A79196CADBD94A40529B38B9DF611BC0D2C6116BF1D94A40A67EDE54A4621BC0FCDEA63FFBD94A40DD989EB0C4631BC0605969520ADA4A4014799274CD641BC0C3D32B6519DA4A40D95A5F24B4651BC0751F80D426DA4A406666666666661BC02E90A0F831DA4A40F3E505D847671BC04A5E9D6340DA4A400EA14ACD1E681BC08A027D224FDA4A40D3307C444C691BC0B537F8C264DA4A4024D6E253006C1BC05890662C9ADA4A40EA5BE674596C1BC04221020EA1DA4A40938C9C853D6D1BC07BA01518B2DA4A405A643BDF4F6D1BC009F9A067B3DA4A40581CCEFC6A6E1BC07BDAE1AFC9DA4A4091F2936A9F6E1BC026E4839ECDDA4A40E4310395F16F1BC0D74CBED9E6DA4A4071C971A774701BC097E2AAB2EFDA4A40A9FB00A436711BC0BBD573D2FBDA4A408B321B6492711BC0170E846401DB4A4051888043A8721BC07B88467710DB4A40FBAE08FEB7721BC0E50AEF7211DB4A4088BA0F406A731BC082CAF8F719DB4A408638D6C56D741BC03A3B191C25DB4A40BF0E9C33A2741BC033164D6727DB4A40A1A17F828B751BC0F3AB394030DB4A40BBD05CA791761BC0B341261939DB4A40488AC8B08A771BC0C1A8A44E40DB4A40D595CFF23C781BC0D734EF3845DB4A4061376C5B94791BC0E59B6D6E4CDB4A40B48EAA26887A1BC0D751D50451DB4A4041D47D00527B1BC017D9CEF753DB4A40CEC7B5A1627C1BC05760C8EA56DB4A40AF42CA4FAA7D1BC04F3BFC3559DB4A401F115322897E1BC0DE9387855ADB4A40C87BD5CA847F1BC025404D2D5BDB4A4018CFA0A17F821BC01E1B81785DDB4A40A1F831E6AE851BC016F6B4C35FDB4A40D97C5C1B2A861BC03ACC971760DB4A40828B153598861BC05EA27A6B60DB4A406440F67AF7871BC00FD1E80E62DB4A40F06DFAB31F891BC008AC1C5A64DB4A404417D4B7CC891BC0018750A566DB4A4026361FD7868A1BC0410E4A9869DB4A40CF66D5E76A8B1BC033C4B12E6EDB4A4079E92631088C1BC0DDCD531D72DB4A403E05C078068D1BC0EC34D25279DB4A4091D09673298E1BC03A234A7B83DB4A4090149161158F1BC0643BDF4F8DDB4A401DACFF73988F1BC00820B58993DB4A4055A4C2D842901BC03A5D16139BDB4A40C616821C94901BC07AE40F069EDB4A40FE261422E0901BC0969526A5A0DB4A401AC05B2041911BC0D61C2098A3DB4A40C47C7901F6911BC0EBA86A82A8DB4A40DEAB5626FC921BC06BB75D68AEDB4A4017821C9430931BC0D6390664AFDB4A4087DC0C37E0931BC08143A852B3DB4A40F888981249941BC09DF4BEF1B5DB4A4086AC6EF59C941BC02B4D4A41B7DB4A40145CACA8C1941BC072F90FE9B7DB4A406891ED7C3F951BC072F90FE9B7DB4A402F698CD651951BC0C1CAA145B6DB4A402FA3586E69951BC00F9C33A2B4DB4A40132C0E677E951BC0C8EF6DFAB3DB4A402F17F19D98951BC08143A852B3DB4A40BDC62E51BD951BC08143A852B3DB4A40A04FE449D2951BC0C8EF6DFAB3DB4A40A089B0E1E9951BC0327216F6B4DB4A40124E0B5EF4951BC05648F949B5DB4A40A0C37C7901961BC0C1CAA145B6DB4A40834C327216961BC0B9A5D590B8DB4A40D95F764F1E961BC048FE60E0B9DB4A40BC22F8DF4A961BC01D03B2D7BBDB4A4066834C3272961BC0AB5B3D27BDDB4A40D72FD80DDB961BC039B4C876BEDB4A40D769A4A5F2961BC05D8AABCABEDB4A409EB5DB2E34971BC0A4367172BFDB4A402B357BA015981BC0328FFCC1C0DB4A407FA4880CAB981BC0328FFCC1C0DB4A400CC85EEFFE981BC00FB9196EC0DB4A407DE882FA96991BC0C80C54C6BFDB4A4060CD0182399A1BC016DEE522BEDB4A4009FEB7921D9B1BC0B28009DCBADB4A4023A12DE7529C1BC0791EDC9DB5DB4A40944DB9C2BB9C1BC0A4198BA6B3DB4A403C66A032FE9D1BC08F8D40BCAEDB4A40912749D74C9E1BC0240B98C0ADDB4A407138F3AB39A01BC08126C286A7DB4A40E010AAD4ECA11BC0D61C2098A3DB4A40338AE59656A31BC0DD41EC4CA1DB4A406A300DC347A41BC072BF4351A0DB4A40698CD651D5A41BC0083D9B559FDB4A4084F57F0EF3A51BC0C190D5AD9EDB4A4010AFEB17ECA61BC09DBAF2599EDB4A402BF697DD93A71BC0E466B8019FDB4A40B8019F1F46A81BC0E466B8019FDB4A40991249F432AA1BC0969526A5A0DB4A405EBA490C02AB1BC00118CFA0A1DB4A40419FC893A4AB1BC0D61C2098A3DB4A40787FBC57ADAC1BC0CFF753E3A5DB4A40AD2F12DA72AE1BC0085A8121ABDB4A401D7233DC80AF1BC08F8D40BCAEDB4A4000917EFB3AB01BC0AB3E575BB1DB4A40E15D2EE23BB11BC05648F949B5DB4A405070B1A206B31BC0F20703CFBDDB4A404DD6A88768B41BC0481B47ACC5DB4A402FA3586E69B51BC0C7293A92CBDB4A4049BA66F2CDB61BC0AB9509BFD4DB4A40F20C1AFA27B81BC0D6AD9E93DEDB4A40D26F5F07CEB91BC0642310AFEBDB4A407BDAE1AFC9BA1BC024B9FC87F4DB4A407AFCDEA63FBB1BC0F29881CAF8DB4A4041D47D0052BB1BC039454772F9DB4A405C035B2558BC1BC0645DDC4603DC4A40E882FA9639BD1BC023F3C81F0CDC4A40AE64C74620BE1BC02B357BA015DC4A403A0664AF77BF1BC0B285200725DC4A40541D7233DCC01BC00EDB166536DC4A4037548CF337C11BC000917EFB3ADC4A408CA19C6857C11BC0B1BFEC9E3CDC4A40C3D32B6519C21BC000AE64C746DC4A40DD24068195C31BC0E3361AC05BDC4A40DBA2CC0699C41BC0B13385CE6BDC4A40670A9DD7D8C51BC04D10751F80DC4A40126BF12900C61BC06AC18BBE82DC4A4082FFAD64C7C61BC0F836FDD98FDC4A4082FFAD64C7C61BC0F836FDD98FDC4A40481B47ACC5C71BC006BB61DBA2DC4A40450DA661F8C81BC0BF4868CBB9DC4A409B5AB6D617C91BC07077D66EBBDC4A40280AF4893CC91BC0B8239C16BCDC4A4061A6ED5F59C91BC07077D66EBBDC4A4061E0B9F770C91BC07077D66EBBDC4A40B62DCA6C90C91BC07077D66EBBDC4A40B6679604A8C91BC0DBF97E6ABCDC4A407D3F355EBAC91BC022A64412BDDC4A402766BD18CAC91BC08D28ED0DBEDC4A400BEF7211DFC91BC03F575BB1BFDC4A409964E42CECC91BC0145CACA8C1DC4A40EE77280AF4C91BC0E960FD9FC3DC4A400B293FA9F6C91BC0BF654E97C5DC4A40EE77280AF4C91BC0B84082E2C7DC4A409964E42CECC91BC0696FF085C9DC4A40D2C6116BF1C91BC0F0A2AF20CDDC4A407CED992501CA1BC054008C67D0DC4A4043C5387F13CA1BC04DDBBFB2D2DC4A405F0CE544BBCA1BC08D7F9F71E1DC4A40B3CD8DE909CB1BC0543A58FFE7DC4A4007EBFF1CE6CB1BC062BEBC00FBDC4A4094A46B26DFCC1BC022718FA50FDD4A40CBBE2B82FFCD1BC0695721E527DD4A40734BAB2171CF1BC0E17A14AE47DD4A40ABCFD556ECCF1BC02F698CD651DD4A40520ABABDA4D11BC0E813799274DD4A40DEAB5626FCD21BC028D53E1D8FDD4A401422E010AAD41BC07D224F92AEDD4A40D7A3703D0AD71BC012143FC6DCDD4A40EFFE78AF5AD91BC01288D7F50BDE4A4009FEB7921DDB1BC0C30DF8FC30DE4A400664AF777FDC1BC0185B087250DE4A40CC457C2766DD1BC09161156F64DE4A4075B0FECF61DE1BC04AEF1B5F7BDE4A40E5F21FD26FDF1BC0D881734694DE4A401BF5108DEEE01BC08907944DB9DE4A408A93FB1D8AE21BC02D431CEBE2DE4A40A3586E6935E41BC010069E7B0FDF4A40139B8F6B43E51BC0B324404D2DDF4A40D95A5F24B4E51BC0FAEDEBC039DF4A4010E9B7AF03E71BC03ACC971760DF4A40494BE5ED08E71BC05EA27A6B60DF4A407FC16ED8B6E81BC04FCC7A3194DF4A407C2766BD18EA1BC0328FFCC1C0DF4A405FD218ADA3EA1BC0D690B8C7D2DF4A402332ACE28DEC1BC04E0B5EF415E04A40AFB14B546FED1BC031B1F9B836E04A4076C3B64599ED1BC0B1BFEC9E3CE04A40034356B77AEE1BC023BE13B35EE04A40E5ED08A705EF1BC00647C9AB73E04A407155D97745F01BC01B47ACC5A7E04A40E1455F419AF11BC01BD82AC1E2E04A406EDDCD531DF21BC0F73B1405FAE04A40FB5C6DC5FEF21BC00C1F115322E14A40F888981249F41BC0E8D9ACFA5CE14A408542041C42F51BC0A8C64B3789E14A40BB0A293FA9F61BC076374F75C8E14A40813E912749F71BC0D2A92B9FE5E14A4062A1D634EFF81BC0598B4F0130E24A4062A1D634EFF81BC0598B4F0130E24A400C022B8716F91BC08AC8B08A37E24A40B64AB0389CF91BC0AED85F764FE24A4027A5A0DB4BFA1BC0C39E76F86BE24A400A68226C78FA1BC066834C3272E24A4098DD938785FA1BC018B2BAD573E24A405FB532E197FA1BC0A60A462575E24A4026C79DD2C1FA1BC0C3BB5CC477E24A40B476DB85E6FA1BC0C3BB5CC477E24A40B4B0A71DFEFA1BC00A68226C78E24A405ED72FD80DFB1BC05114E81379E24A4025AFCE3120FB1BC0DF6C73637AE24A40B324404D2DFB1BC06DC5FEB27BE24A4025E99AC937FB1BC043CA4FAA7DE24A40419AB1683AFB1BC0F4F8BD4D7FE24A4025E99AC937FB1BC0A6272CF180E24A40B324404D2DFB1BC09F02603C83E24A407AC2120F28FB1BC00A85083884E24A40ECC039234AFB1BC0DF89592F86E24A40255D33F966FB1BC0D8648D7A88E24A40B30C71AC8BFB1BC018EC866D8BE24A40CF31207BBDFB1BC00AA2EE0390E24A4024456458C5FB1BC0742497FF90E24A40787AA52C43FC1BC0B4C876BE9FE24A40EAB298D87CFC1BC0E605D847A7E24A400612143FC6FC1BC0C24CDBBFB2E24A402159C0046EFD1BC01FBFB7E9CFE24A40AF42CA4FAAFD1BC026016A6AD9E24A40CA15DEE522FE1BC017D4B7CCE9E24A40AE122C0E67FE1BC06DE7FBA9F1E24A403BC269C18BFE1BC017F19D98F5E24A4002486DE2E4FE1BC0FB5C6DC5FEE24A401E1B81785DFF1BC090F7AA9509E34A40C87BD5CA84FF1BC0D07EA4880CE34A40E3C281902C001CC0C976BE9F1AE34A40A852B3075A011CC08104C58F31E34A40520FD1E80E021CC0335019FF3EE34A4018213CDA38021CC097ADF54542E34A40516B9A779C021CC0A514747B49E34A4033C4B12E6E031CC02C6519E258E34A4016FBCBEEC9031CC03ACC971760E34A40DB5031CEDF041CC0ACADD85F76E34A4014ED2AA4FC041CC0A4880CAB78E34A402F34D769A4051CC0C156091687E34A402E04392861061CC06B7D91D096E34A40807D74EACA071CC0C8EF6DFAB3E34A4029965B5A0D091CC05682C5E1CCE34A400C0742B280091CC01618B2BAD5E34A40EC6987BF260B1CC01D9430D3F6E34A403CA583F57F0E1CC07138F3AB39E44A40FD6A0E10CC111CC0A306D3307CE44A403411363CBD121CC03FE3C28190E44A4088687407B1131CC0F870C971A7E44A406A87BF266B141CC029CB10C7BAE44A40F870C971A7141CC0145CACA8C1E44A40BCE82B4833161CC0F0F96184F0E44A40111E6D1CB1161CC054742497FFE44A4049809A5AB6161CC0774A07EBFFE44A408104C58F31171CC0B7EEE6A90EE54A4062F3716DA8181CC0BE874B8E3BE54A40F08AE07F2B191CC068AED3484BE54A40AFCE31207B1D1CC059A31EA2D1E54A400490DAC4C91D1CC03D0FEECEDAE54A40E6AE25E4831E1CC0D9EBDD1FEFE54A403BE466B8011F1CC0AE0D15E3FCE54A4090F7AA95091F1CC01990BDDEFDE54A40E466B8019F1F1CC0BC9179E40FE64A400000000000201CC0BCAE5FB01BE64A40E3C281902C201CC0F5108DEE20E64A40FC3559A31E221CC05F24B4E55CE64A40C381902C60221CC0D80DDB1665E64A40516B9A779C221CC00A4B3CA06CE64A40184339D1AE221CC0DF4F8D976EE64A40FB7953910A231CC098C0ADBB79E64A40C1FF56B263231CC02D5BEB8B84E64A4016C1FF56B2231CC011C7BAB88DE64A40C05B2041F1231CC043041C4295E64A406B82A8FB00241CC018096D3997E64A4087E123624A241CC0FB743C66A0E64A40A054FB743C261CC01EDC9DB5DBE64A4066A032FE7D261CC074EFE192E3E64A402CD49AE61D271CC009A7052FFAE64A409E0C8E9257271CC0C93CF20703E74A407D7901F6D1291CC01E1B81785DE74A40D1747632382A1CC088BA0F406AE74A407AC7293A922B1CC0F3936A9F8EE74A40EA5BE674592C1CC0D61C2098A3E74A40226C787AA52C1CC02B306475ABE74A40AE0D15E3FC2D1CC0B9DFA128D0E74A40CA6C9049462E1CC0EB1C03B2D7E74A401F80D4264E2E1CC0569FABADD8E74A403B53E8BCC62E1CC09D685721E5E74A403AE97DE36B2F1CC0406A1327F7E74A40FC00A43671321CC0B1DCD26A48E84A408AB0E1E995321CC05CE674594CE84A4034BF9A0304331CC00E32C9C859E84A4069E388B5F8341CC086AC6EF59CE84A40BEA4315A47351CC0B1C403CAA6E84A40F4F8BD4D7F361CC0062FFA0AD2E84A40BBD05CA791361CC0FF092E56D4E84A409E077767ED361CC0D42B6519E2E84A402AE3DF675C381CC0E9482EFF21E94A40F1BA7EC16E381CC029D027F224E94A407F6ABC7493381CC0850838842AE94A400D54C6BFCF381CC0B745990D32E94A40B7EEE6A90E391CC0A1D634EF38E94A40EFFE78AF5A391CC0D313967840E94A4060AB048BC3391CC068AED3484BE94A4009C4EBFA053B1CC005A8A9656BE94A407958A835CD3B1CC05AD8D30E7FE94A4022C32ADEC83C1CC01366DAFE95E94A4038842A357B401CC06E693524EEE94A40E17A14AE47411CC0A0C37C7901EA4A4019ADA3AA09421CC043C5387F13EA4A40FCE3BD6A65421CC02E56D4601AEA4A40C1C58A1A4C431CC0D97C5C1B2AEA4A40DDD26A48DC431CC0E0BE0E9C33EA4A40C095ECD808441CC02046088F36EA4A40A2B437F8C2441CC08AE5965643EA4A40DB5031CEDF441CC060EAE74D45EA4A40855FEAE74D451CC06E5166834CEA4A40A0A696ADF5451CC04A9869FB57EA4A402C4833164D471CC026FC523F6FEA4A407F130A1170481CC09F02603C83EA4A400D897B2C7D481CC00A85083884EA4A4044A33B889D491CC0A661F88898EA4A40EFC9C342AD491CC011E4A08499EA4A400B630B410E4A1CC0D89E5912A0EA4A40EE5F5969524A1CC0CA54C1A8A4EA4A402670EB6E9E4A1CC0745E6397A8EA4A40EC2FBB270F4B1CC0ADC090D5ADEA4A40B2852007254C1CC0D8D825AAB7EA4A405B94D920934C1CC03B3602F1BAEA4A40CD069964E44C1CC0ED647094BCEA4A405B7C0A80F14C1CC0103B53E8BCEA4A4005A3923A014D1CC03411363CBDEA4A407689EAAD814D1CC0E63FA4DFBEEA4A4076FD82DDB04D1CC050C24CDBBFEA4A403C6BB75D684E1CC089247A19C5EA4A403B8DB454DE4E1CC0105839B4C8EA4A40ACFF73982F4F1CC09FB0C403CAEA4A40ABE7A4F78D4F1CC0E65C8AABCAEA4A40006F8104C54F1CC0C286A757CAEA4A4039454772F94F1CC05704FF5BC9EA4A40E3DF675C38501CC03B53E8BCC6EA4A401C7C613255501CC0ADFA5C6DC5EA4A408DB454DE8E501CC0D8F50B76C3EA4A401B9E5E29CB501CC026C79DD2C1EA4A4037894160E5501CC0DF1AD82AC1EA4A4037FDD98F14511CC074982F2FC0EA4A40535C55F65D511CC02DEC6987BFEA4A403659A31EA2511CC050C24CDBBFEA4A408B54185B08521CC0499D8026C2EA4A4051A04FE449521CC01FA2D11DC4EA4A4050FC1873D7521CC0105839B4C8EA4A40DE9387855A531CC026E4839ECDEA4A40878A71FE26541CC02D26361FD7EA4A40696FF085C9541CC01092054CE0EA4A40865AD3BCE3541CC09EEA909BE1EA4A40A245B6F3FD541CC074EFE192E3EA4A40BE30992A18551CC0261E5036E5EA4A40F7065F984C551CC0897B2C7DE8EA4A40A12DE7525C551CC0F4FDD478E9EA4A40DA8F149161551CC0D027F224E9EA4A402FA3586E69551CC0AD510FD1E8EA4A4085B69C4B71551CC0897B2C7DE8EA4A40DAC9E02879551CC0897B2C7DE8EA4A404C8E3BA583551CC0897B2C7DE8EA4A40BD5296218E551CC0897B2C7DE8EA4A401366DAFE95551CC0AD510FD1E8EA4A404BC8073D9B551CC0D027F224E9EA4A40842A357BA0551CC03BAA9A20EAEA4A40A1DB4B1AA3551CC05E807D74EAEA4A40A1DB4B1AA3551CC0A52C431CEBEA4A40842A357BA0551CC0C9022670EBEA4A4068791EDC9D551CC010AFEB17ECEA4A401366DAFE95551CC0575BB1BFECEA4A40A04FE449D2551CC0DE8E705AF0EA4A40B81E85EB51581CC073637AC212EB4A4046088F368E581CC0B3EA73B515EB4A40452A8C2D04591CC07AA52C431CEB4A40B64AB0389C591CC0176536C824EB4A4098A3C7EF6D5A1CC017821C9430EB4A4098512CB7B45A1CC0C18BBE8234EB4A40B4B0A71DFE5A1CC0906B43C538EB4A4096CFF23CB85B1CC001309E4143EB4A407862D68BA15C1CC06CCF2C0950EB4A40B0AC3429055D1CC07A36AB3E57EB4A4005FA449E245D1CC0BABDA4315AEB4A40AF5A99F04B5D1CC0CF49EF1B5FEB4A4021938C9C855D1CC0BADA8AFD65EB4A409161156F645E1CC02497FF907EEB4A403BFC3559A35E1CC033FE7DC685EB4A401FBFB7E9CF5E1CC0B30C71AC8BEB4A40E50AEF72115F1CC048A7AE7C96EB4A40567DAEB6625F1CC08F705AF0A2EB4A40008C67D0D05F1CC05D6DC5FEB2EB4A400000000000601CC048FE60E0B9EB4A4000AE64C746601CC0DD989EB0C4EB4A408E23D6E253601CC0B29DEFA7C6EB4A406F9EEA909B611CC0F29881CAF8EB4A406F1283C0CA611CC0DC291DACFFEB4A40A72215C616621CC04EEE77280AEC4A40DFE00B93A9621CC0C7F484251EEC4A40FA9B508880631CC0473D44A33BEC4A406B48DC63E9631CC0630B410E4AEC4A40A1F831E6AE651CC0EACF7EA488EC4A404963B48EAA661CC054A9D903ADEC4A406536C82423671CC0622D3E05C0EC4A40F3599E0777671CC077D66EBBD0EC4A400DC347C494681CC01B4CC3F011ED4A4046D3D9C9E0681CC030F5F3A622ED4A4062F8889812691CC07EE36BCF2CED4A40984C158C4A6A1CC093E34EE960ED4A405FD218ADA36A1CC0F65D11FC6FED4A40EDF5EE8FF76A1CC0A8A9656B7DED4A40088F368E586B1CC09A7CB3CD8DED4A4096ECD808C46B1CC0AF25E4839EED4A40075F984C156C1CC0D218ADA3AAED4A403F1D8F19A86C1CC02849D74CBEED4A40B0C91AF5106D1CC06F1283C0CAED4A40C9C859D8D36E1CC0448B6CE7FBED4A40AB21718FA56F1CC08B71FE2614EE4A401B9E5E29CB701CC08AC8B08A37EE4A40FE261422E0701CC083A3E4D539EE4A408AB0E1E995721CC066834C3272EE4A4088BA0F406A731CC0EDF0D7648DEE4A4087A2409FC8731CC0CA37DBDC98EE4A40F94ECC7A31741CC058AD4CF8A5EE4A4031992A1895741CC09F76F86BB2EE4A40DB6D179AEB741CC0ED647094BCEE4A40BEA4315A47751CC082FFAD64C7EE4A4046088F368E781CC050C763062AEF4A40EE940ED6FF791CC0A5315A4755EF4A40D21DC4CE147A1CC0C1E270E657EF4A404260E5D0227B1CC05DDC460378EF4A4096438B6CE77B1CC03A4030478FEF4A40CEC7B5A1627C1CC07AE40F069EEF4A40C4EBFA05BB811CC0151DC9E53FF04A406D1CB1169F821CC078B471C45AF04A40A52C431CEB821CC05C2041F163F04A406A300DC347841CC0FF5BC98E8DF04A4030D80DDB16851CC02A91442FA3F04A4084471B47AC851CC0B806B64AB0F04A40F5B9DA8AFD851CC0A297512CB7F04A4067F2CD3637861CC04DA1F31ABBF04A404963B48EAA861CC0C68A1A4CC3F04A40F3936A9F8E871CC0062FFA0AD2F04A40802BD9B111881CC014967840D9F04A40450DA661F8881CC0CD069964E4F04A40D200DE02098A1CC0A94D9CDCEFF04A405D50DF32A78B1CC0309E4143FFF04A40E38DCC237F901CC00C3CF71E2EF14A40A4C7EF6DFA931CC0378E588B4FF14A40BF4868CBB9941CC045F5D6C056F14A40683F524486951CC09A081B9E5EF14A40841266DAFE951CC08CBE823463F14A4049809A5AB6961CC0E1D1C6116BF14A406475ABE7A4971CC0BD18CA8976F14A40B81E85EB51981CC07DAEB6627FF14A40D34D621058991CC004FF5BC98EF14A400B24287E8C991CC021B0726891F14A407CF2B0506B9A1CC061545227A0F14A407BDAE1AFC99A1CC04BE5ED08A7F14A40CF6BEC12D59B1CC00B98C0ADBBF14A40EB56CF49EF9B1CC0E09C11A5BDF14A4002BC0512149F1CC0AE0D15E3FCF14A403A7AFCDEA69F1CC08B54185B08F24A4072FE261422A01CC0B56CAD2F12F24A40FB05BB61DBA21CC00AF4893C49F24A40A27A6B60ABA41CC02D211FF46CF24A40A18499B67FA51CC0B471C45A7CF24A4011018750A5A61CC07B4963B48EF24A40F437A11001A71CC0D881734694F24A40D61C2098A3A71CC0DFC325C79DF24A408FC2F5285CAF1CC057B2632310F34A40C1A8A44E40B31CC0A514747B49F34A4015C616821CB41CC00FB4024356F34A404D840D4FAFB41CC0AC730CC85EF34A40DAC9E02879B51CC0AC90F2936AF34A404B02D4D4B2B51CC00FEECEDA6DF34A402C7DE882FAB61CC01D7233DC80F34A40D751D50451B71CC033FE7DC685F34A40F20C1AFA27B81CC07AC7293A92F34A40D1915CFE43BA1CC0649291B3B0F34A40978BF84ECCBA1CC04F232D95B7F34A407A36AB3E57BB1CC0F20703CFBDF34A404030478FDFBB1CC04F401361C3F34A40CEC7B5A162BC1CC064CC5D4BC8F34A40E8305F5E80BD1CC047382D78D1F34A40E86A2BF697BD1CC08FE4F21FD2F34A40C6A70018CFC01CC0B2F4A10BEAF34A406F1283C0CAC11CC0728A8EE4F2F34A40889D29745EC31CC0D50451F701F44A40F8DF4A766CC41CC0B24B546F0DF44A40DA722EC555C51CC02310AFEB17F44A40126BF12900C61CC0C0CFB87020F44A408195438B6CC71CC0F12900C633F44A400EDB166536C81CC0CE70033E3FF44A400CE544BB0AC91CC05CE674594CF44A4043C5387F13CA1CC0DC114E0B5EF44A407B6B60AB04CB1CC05C3D27BD6FF44A404087F9F202CC1CC0D44334BA83F44A409548A29751CC1CC0BFD4CF9B8AF44A40E94317D4B7CC1CC05B94D92093F44A40E89FE06245CD1CC0EA094B3CA0F44A4021B0726891CD1CC0F870C971A7F44A4003CFBD874BCE1CC0E21E4B1FBAF44A407407B13385CE1CC0622D3E05C0F44A40018750A566CF1CC0376C5B94D9F44A40A5315A4755D31CC02844C02154F54A4087A2409FC8D31CC0FE65F7E461F54A40DC291DACFFD31CC053793BC269F54A40A3E9EC6470D41CC0B6F3FDD478F54A40F8AA9509BFD41CC0B610E4A084F54A40D8D30E7F4DD61CC0A857CA32C4F54A402C7DE882FAD61CC076711B0DE0F54A40D7DD3CD521D71CC01956F146E6F54A40D6AD9E93DED71CC0E04A766C04F64A402AA913D044D81CC019CA897615F64A40F1BA7EC16ED81CC0035B25581CF64A40293FA9F6E9D81CC035B56CAD2FF64A402979758E01D91CC0BCE82B4833F64A4029ED0DBE30D91CC011FC6F253BF64A409AEB34D252D91CC0910A630B41F64A4027BD6F7CEDD91CC04A9869FB57F64A40B554DE8E70DA1CC0F5BEF1B567F64A4098512CB7B4DA1CC04AD235936FF64A402315C61682DC1CC04221020EA1F64A40789CA223B9DC1CC0C22FF5F3A6F64A4022718FA50FDD1CC0A69BC420B0F64A40041C42959ADD1CC02DEC6987BFF64A40758E01D9EBDD1CC0E65C8AABCAF64A405951836918DE1CC0D0ED258DD1F64A4058C51B9947DE1CC042B28009DCF64A401F9DBAF259DE1CC0C2C073EFE1F64A40032670EB6EDE1CC0E5B33C0FEEF64A401FD7868A71DE1CC042EC4CA1F3F64A40CAC342AD69DE1CC0EC12D55B03F74A405951836918DE1CC0DE3CD52137F74A409279E40F06DE1CC088635DDC46F74A409279E40F06DE1CC09EEFA7C64BF74A40033E3F8C10DE1CC00FB4024356F74A403CA06CCA15DE1CC096E7C1DD59F74A40AE9E93DE37DE1CC09E29745E63F74A409161156F64DE1CC016139B8F6BF74A40ADFA5C6DC5DE1CC033E197FA79F74A408FA50F5D50DF1CC0D6E253008CF74A40C66D3480B7E01CC06BD44334BAF74A40E12879758EE11CC0C746205ED7F74A406F1283C0CAE11CC0CE88D2DEE0F74A40A75CE15D2EE21CC0E4310395F1F74A40187D0569C6E21CC01CCEFC6A0EF84A40A5660FB402E31CC08E9257E718F84A4016139B8F6BE31CC05C8FC2F528F84A40876D8B321BE41CC055A4C2D842F84A40F7E978CC40E51CC0CDE49B6D6EF84A402F8672A25DE51CC0BF9A030473F84A40D97C5C1B2AE61CC0F111312592F84A40D89E5912A0E61CC046425BCEA5F84A40D712F241CFE61CC04D840D4FAFF84A40F4C308E1D1E61CC09430D3F6AFF84A40BB9BA73AE4E61CC0A9BC1DE1B4F84A4010AFEB17ECE61CC0C66D3480B7F84A40F437A11001E71CC0622D3E05C0F84A409E5E29CB10E71CC0CDCCCCCCCCF84A409E5E29CB10E71CC0F0BF95ECD8F84A40BB0F406A13E71CC0BEBC00FBE8F84A409E5E29CB10E71CC0F0164850FCF84A409E5E29CB10E71CC07E00529B38F94A40BB0F406A13E71CC0139B8F6B43F94A404985B18520E71CC0056EDDCD53F94A402C0E677E35E71CC00CB08F4E5DF94A404833164D67E71CC005A8A9656BF94A4048A7AE7C96E71CC00CEA5BE674F94A402BA4FCA4DAE71CC0E8305F5E80F94A407FD93D7958E81CC061376C5B94F94A409B728577B9E81CC076E09C11A5F94A40B75D68AED3E81CC0D218ADA3AAF94A40295C8FC2F5E81CC04B02D4D4B2F94A40613255302AE91CC0D252793BC2F94A40B77F65A549E91CC0A774B0FECFF94A4061A6ED5F59E91CC084BBB376DBF94A407E5704FF5BE91CC07D96E7C1DDF94A40EFC9C342ADE91CC026DF6C7363FA4A40B6A1629CBFE91CC03CA583F57FFA4A4060C8EA56CFE91CC0F4328AE596FA4A40B6DB2E34D7E91CC034D769A4A5FA4A404451A04FE4E91CC082E2C798BBFA4A40448B6CE7FBE91CC05019FF3EE3FA4A40271422E010EA1CC0AD6EF59CF4FA4A407C61325530EA1CC0C93CF20703FB4A40D122DBF97EEA1CC0A5A0DB4B1AFB4A405FD218ADA3EA1CC0176536C824FB4A40B4E55C8AABEA1CC010406A1327FB4A40ED478AC8B0EA1CC0E544BB0A29FB4A4097E2AAB2EFEA1CC0C8CD70033EFB4A4009A7052FFAEA1CC0BA83D89942FB4A4025581CCEFCEA1CC09088299144FB4A40EC2FBB270FEB1CC0CF2C095053FB4A404243FF0417EB1CC0889D29745EFB4A404243FF0417EB1CC0A54E401361FB4A40D0B8702024EB1CC02C9FE57970FB4A40B341261939EB1CC0A4880CAB78FB4A407A19C5724BEB1CC0B3EF8AE07FFB4A4025404D2D5BEB1CC0C87BD5CA84FB4A40CFA0A17F82EB1CC0331B649291FB4A40B329577897EB1CC06458C51B99FB4A40CE88D2DEE0EB1CC072DC291DACFB4A4040C1C58A1AEC1CC096CFF23CB8FB4A40EA5BE67459EC1CC07216F6B4C3FB4A405B087250C2EC1CC0F9669B1BD3FB4A40946A9F8EC7EC1CC064E94317D4FB4A4021C8410933ED1CC0CE88D2DEE0FB4A4021020EA14AED1CC0EB39E97DE3FB4A40AF997CB3CDED1CC00708E6E8F1FB4A40925CFE43FAED1CC0F9BD4D7FF6FB4A40751F80D426EE1CC0EB73B515FBFB4A4075CDE49B6DEE1CC0B22E6EA301FC4A407407B13385EE1CC0AB09A2EE03FC4A40AD510FD1E8EE1CC0DC4603780BFC4A403A3B191C25EF1CC08750A5660FFC4A4056BC9179E4EF1CC0D53E1D8F19FC4A407155D97745F01CC05C72DC291DFC4A408D62B9A5D5F01CC02A52616C21FC4A406F8104C58FF11CC0D55B035B25FC4A406DE7FBA9F1F21CC0319413ED2AFC4A40DC9DB5DB2EF41CC06AF6402B30FC4A4085949F54FBF41CC05CACA8C134FC4A4084640113B8F51CC0950ED6FF39FC4A40F4F8BD4D7FF61CC0809F71E140FC4A402C7DE882FAF61CC0B8019F1F46FC4A40D6C56D3480F71CC05CE674594CFC4A40D595CFF23CF81CC0CEAACFD556FC4A407E8CB96B09F91CC0A3CC069964FC4A4028D53E1D8FF91CC0F1BA7EC16EFC4A409981CAF8F7F91CC0F8FC304278FC4A40982F2FC03EFA1CC0E38DCC237FFC4A40B4C876BE9FFA1CC078280AF489FC4A402575029A08FB1CC04D4A41B797FC4A40410E4A9869FB1CC08DEE2076A6FC4A40062AE3DF67FC1CC0C6A70018CFFC4A40B0726891EDFC1CC014B35E0CE5FC4A40041C42959AFD1CC094FB1D8A02FD4A40E8A4F78DAFFD1CC01B2FDD2406FD4A40032670EB6EFE1CC0F08AE07F2BFD4A4002BC051214FF1CC05A643BDF4FFD4A40C8073D9B55FF1CC06F0D6C9560FD4A4000529B38B9FF1CC06F47382D78FD4A401D774A07EBFF1CC04C8E3BA583FD4A407172BF4351001DC0A8E3310395FD4A408DD13AAA9A001DC0F6D1A92B9FFD4A4070CE88D2DE001DC06FBBD05CA7FD4A40E2CCAFE600011DC0F6EE8FF7AAFD4A40A9A44E4013011DC0EFC9C342ADFD4A40FE65F7E461011DC0210725CCB4FD4A4019FF3EE3C2011DC0BDC62E51BDFD4A40C3D32B6519021DC0A857CA32C4FD4A40C269C18BBE021DC0849ECDAACFFD4A40A514747B49031DC0FD87F4DBD7FD4A4087BF266BD4031DC0529B38B9DFFD4A404E7FF62345041DC03D2CD49AE6FD4A4069520ABABD041DC0B515FBCBEEFD4A40697407B133051DC075ABE7A4F7FD4A40F60B76C3B6051DC075C8CD7003FE4A40A0A696ADF5051DC019ADA3AA09FE4A4083177D0569061DC0834C327216FE4A4049111956F1061DC003780B2428FE4A400F971C774A071DC091ED7C3F35FE4A40481B47ACC5071DC060EAE74D45FE4A4047551344DD071DC09F71E14048FE4A404703780B24081DC0F584251E50FE4A404777103B53081DC00A11700855FE4A4029E8F692C6081DC09FABADD85FFE4A40454772F90F091DC04390831266FE4A407D0569C6A2091DC0FC00A43671FE4A40D28C45D3D9091DC0833463D174FE4A40B41F2922C30A1DC00A85083884FE4A4005C58F31770D1DC0ED478AC8B0FE4A4090A0F831E60E1DC0A6D590B8C7FE4A40738577B9880F1DC0666B7D91D0FE4A40556AF6402B101DC0BB7EC16ED8FE4A401AFA27B858111DC0261E5036E5FE4A40520ABABDA4111DC01EF98381E7FE4A40FC8C0B0742121DC0575BB1BFECFE4A40FA449E245D131DC089981249F4FE4A404EEE77280A141DC034A2B437F8FE4A40865AD3BCE3141DC0DEAB5626FCFE4A4012DA722EC5151DC01E335019FFFE4A40D8D30E7F4D161DC0AC8BDB6800FF4A4066BD18CA89161DC0D061BEBC00FF4A40BA66F2CD36171DC05EBA490C02FF4A40D6C56D3480171DC05EBA490C02FF4A40B97020240B181DC05EBA490C02FF4A407FA4880CAB181DC03BE466B801FF4A40B7627FD93D191DC0D061BEBC00FF4A40D2FBC6D79E191DC089B5F81400FF4A4043041C42951A1DC0492EFF21FDFE4A400820B589931B1DC0E5D022DBF9FE4A40E7525C55F61D1DC090BDDEFDF1FE4A40C959D8D30E1F1DC05036E50AEFFE4A403A58FFE7301F1DC02D6002B7EEFE4A40C6F99B5088201DC0575BB1BFECFE4A408D45D3D9C9201DC03485CE6BECFE4A40185B087250221DC03485CE6BECFE4A40F949B54FC7231DC0575BB1BFECFE4A40F701486DE2241DC0EDD808C4EBFE4A402F34D769A4251DC03BAA9A20EAFE4A40A06CCA15DE251DC0F4FDD478E9FE4A4082734694F6261DC049F4328AE5FE4A40F3AB394030271DC0DE718A8EE4FE4A40807D74EACA271DC09EEA909BE1FE4A407F87A2409F281DC0895E46B1DCFE4A4044A33B889D291DC09FCDAACFD5FE4A400ABFD4CF9B2A1DC026E4839ECDFE4A40963E74417D2B1DC089247A19C5FE4A40083D9B559F2B1DC0FBCBEEC9C3FE4A4023F8DF4A762C1DC0F4893C49BAFE4A40CBBE2B82FF2D1DC0745E6397A8FE4A40AD2F12DA722E1DC03BFC3559A3FE4A40E449D235932F1DC0AD86C43D96FE4A408E9257E718301DC02D78D15790FE4A40527E52EDD3311DC0D847A7AE7CFE4A40DF89592F86321DC0A60A462575FE4A40C2340C1F11331DC0B554DE8E70FE4A40A4198BA6B3331DC0C39E76F86BFE4A404EB4AB90F2331DC03546EBA86AFE4A4015C616821C341DC0CAC342AD69FE4A40DC9DB5DB2E341DC0A6ED5F5969FE4A40F8FC304278341DC01895D40968FE4A40302FC03E3A351DC0B537F8C264FE4A40A01518B2BA351DC026DF6C7363FE4A40BBB88D06F0361DC00A2E56D460FE4A400CC85EEFFE381DC05F24B4E55CFE4A402783A3E4D5391DC08A1F63EE5AFE4A40605969520A3A1DC06649809A5AFE4A40273108AC1C3A1DC043739D465AFE4A4060CD0182393A1DC043739D465AFE4A405E11FC6F253B1DC06E6E4C4F58FE4A4093E34EE9603D1DC07CB8E4B853FE4A40202922C32A3E1DC0CA89761552FE4A40E544BB0A293F1DC0F584251E50FE4A401D03B2D7BB3F1DC0672C9ACE4EFE4A40BFB7E9CF7E441DC0183E22A644FE4A40670A9DD7D8451DC0D8B628B341FE4A402CD49AE61D471DC02EAD86C43DFE4A40BA6B09F9A0471DC058A835CD3BFE4A4064CC5D4BC8471DC011FC6F253BFE4A409D685721E5471DC0A779C7293AFE4A4080B74082E2471DC060CD018239FE4A4080B74082E2471DC0AE9E93DE37FE4A409D685721E5471DC067F2CD3637FE4A40B9196EC0E7471DC02046088F36FE4A400E2DB29DEF471DC0B5C35F9335FE4A40478FDFDBF4471DC06E179AEB34FE4A409CA223B9FC471DC04A41B79734FE4A40D50451F701481DC0276BD44334FE4A4047C9AB730C481DC00395F1EF33FE4A409CDCEF5014481DC00395F1EF33FE4A40F2EF332E1C481DC00395F1EF33FE4A4063B48EAA26481DC00395F1EF33FE4A40B9C7D2872E481DC0276BD44334FE4A400EDB166536481DC04A41B79734FE4A40473D44A33B481DC06E179AEB34FE4A40809F71E140481DC091ED7C3F35FE4A40F163CC5D4B481DC02046088F36FE4A400E15E3FC4D481DC067F2CD3637FE4A40F19D98F562481DC02046088F36FE4A407E350708E6481DC0BCE82B4833FE4A407D0569C6A2491DC03CDA38622DFE4A40B6A1629CBF491DC0F52D73BA2CFE4A405F984C158C4A1DC00A9DD7D825FE4A4009A7052FFA4A1DC0609335EA21FE4A402310AFEB174C1DC05951836918FE4A405C5A0D897B4C1DC019CA897615FE4A40CB10C7BAB84D1DC0A0E062450DFE4A40910A630B414E1DC0605969520AFE4A40E6913F18784E1DC0F5D6C05609FE4A40E527D53E1D4F1DC0B54FC76306FE4A4000E31934F44F1DC052F2EA1C03FE4A401CB62DCA6C501DC0C4995FCD01FE4A403659A31EA2511DC0A7E8482EFFFD4A40C32ADEC83C521DC03C66A032FEFD4A40C24CDBBFB2521DC01990BDDEFDFD4A40336DFFCA4A531DC0D2E3F736FDFD4A40F9DA334B02541DC067614F3BFCFD4A4014AE47E17A541DC020B58993FBFD4A4030815B77F3541DC0D908C4EBFAFD4A40DA03ADC090551DC0925CFE43FAFD4A4066F7E461A1561DC027DA5548F9FD4A40D769A4A5F2561DC0040473F4F8FD4A40D7DD3CD521571DC0040473F4F8FD4A4081B2295778571DC0BC57AD4CF8FD4A409DD7D825AA571DC0BC57AD4CF8FD4A40B81E85EB51581DC052D50451F7FD4A402A1DACFF73581DC02EFF21FDF6FD4A400D6C956071581DC0A0A696ADF5FD4A402A1DACFF73581DC0EE77280AF4FD4A40637FD93D79581DC03D49BA66F2FD4A409CE1067C7E581DC0F59CF4BEF1FD4A40F1F44A5986581DC08B1A4CC3F0FD4A407F6ABC7493581DC02098A3C7EFFD4A402A91442FA3581DC0D9EBDD1FEFFD4A40F168E388B5581DC0923F1878EEFD4A40B84082E2C7581DC06E693524EEFD4A409BC937DBDC581DC06E693524EEFD4A409B030473F4581DC0923F1878EEFD4A400CC85EEFFE581DC0D9EBDD1FEFFD4A40B7EEE6A90E591DC0446E861BF0FD4A4029B3412619591DC08B1A4CC3F0FD4A409A779CA223591DC03D49BA66F2FD4A4061C3D32B65591DC0FDC1C073EFFD4A4061FD9FC37C591DC0B515FBCBEEFD4A40EFACDD76A1591DC0923F1878EEFD4A407D5C1B2AC6591DC04B9352D0EDFD4A40EE08A7052F5A1DC052B81E85EBFD4A407B6649809A5A1DC0350708E6E8FD4A40D061BEBC005B1DC03D2CD49AE6FD4A403F524486555C1DC00BEF7211DFFD4A4077F86BB2465D1DC0A06CCA15DEFD4A405A8121AB5B5D1DC0C442AD69DEFD4A409357E718905D1DC0C442AD69DEFD4A40CB67791EDC5D1DC0C442AD69DEFD4A40910F7A36AB5E1DC076711B0DE0FD4A40E5F21FD26F5F1DC0BD1DE1B4E0FD4A401CB1169F02601DC0B6F81400E3FD4A407138F3AB39601DC0D9CEF753E3FD4A40FF5BC98E8D601DC08BFD65F7E4FD4A401BF5108DEE601DC084D89942E7FD4A40A9DE1AD82A611DC0350708E6E8FD4A40E08442041C621DC02098A3C7EFFD4A40C381902C60621DC03D49BA66F2FD4A40C269C18BBE621DC03524EEB1F4FD4A40C2A38D23D6621DC07DD0B359F5FD4A40DE8E705AF0621DC0C47C7901F6FD4A40C173EFE192631DC04BB0389CF9FD4A4016359886E1631DC0B532E197FAFD4A40DBA2CC0699641DC0D2E3F736FDFD4A40BF2B82FFAD641DC0F5B9DA8AFDFD4A40A2629CBF09651DC0F5B9DA8AFDFD4A40BEC1172653651DC0AE0D15E3FCFD4A402FA86F99D3651DC08B37328FFCFD4A404B598638D6651DC0448B6CE7FBFD4A404B598638D6651DC0FCDEA63FFBFD4A40A06CCA15DE651DC0B532E197FAFD4A402EE23B31EB651DC04BB0389CF9FD4A406744696FF0651DC027DA5548F9FD4A40BC57AD4CF8651DC0040473F4F8FD4A404BCD1E6805661DC0E02D90A0F8FD4A40BC9179E40F661DC0E02D90A0F8FD4A404A07EBFF1C661DC0E02D90A0F8FD4A408369183E22661DC0040473F4F8FD4A4011DF89592F661DC027DA5548F9FD4A40A054FB743C661DC0925CFE43FAFD4A40D8B628B341661DC0D908C4EBFAFD4A40111956F146661DC020B58993FBFD4A40111956F146661DC0448B6CE7FBFD4A4082C5E1CCAF661DC06E861BF0F9FD4A4010751F80D4661DC027DA5548F9FD4A4048A7AE7C96671DC0F59CF4BEF1FD4A400DC347C494681DC03D2CD49AE6FD4A4029D027F224691DC06E4C4F58E2FD4A407D91D09673691DC0529B38B9DFFD4A40271422E0106A1DC0CB67791EDCFD4A4026AAB706B66A1DC0670A9DD7D8FD4A4041B79734466B1DC02783A3E4D5FD4A4096ECD808C46B1DC02FA86F99D3FD4A40EAE74D452A6C1DC059A31EA2D1FD4A40B003E78C286D1DC04417D4B7CCFD4A402176A6D0796D1DC02041F163CCFD4A403D27BD6F7C6D1DC02041F163CCFD4A4075ABE7A4F76D1DC0D26F5F07CEFD4A4058A835CD3B6E1DC0EF2076A6D0FD4A4020D26F5F076E1DC036B05582C5FD4A40E7FBA9F1D26D1DC00B98C0ADBBFD4A40AF5FB01BB66D1DC0D235936FB6FD4A4005172B6A306D1DC02F17F19D98FD4A405B087250C26C1DC0DAE6C6F484FD4A4022A64412BD6C1DC06F641EF983FD4A40226C787AA56C1DC0A18499B67FFD4A40CE3637A6276C1DC02FA3586E69FD4A40075F984C156C1DC0CC457C2766FD4A4024287E8CB96B1DC02844C02154FD4A407901F6D1A96B1DC0E8BCC62E51FD4A40257A19C5726B1DC0A1F31ABB44FD4A40B3B5BE48686B1DC08542041C42FD4A40D0B87020246B1DC0E96514CB2DFD4A4009A7052FFA6A1DC0F792C6681DFD4A40D00A0C59DD6A1DC00CE544BB0AFD4A405F46B1DCD26A1DC07008556AF6FC4A4009F9A067B36A1DC094DE37BEF6FC4A400AD7A3703D6A1DC094DE37BEF6FC4A40D200DE02096A1DC04D327216F6FC4A407D7901F6D1691DC00586AC6EF5FC4A40EF1B5F7B66691DC0C5FEB27BF2FC4A40EFE192E34E691DC07E52EDD3F1FC4A40450DA661F8681DC01BF5108DEEFC4A4045813E9127691DC07008556AF6FC4A40EF1B5F7B66691DC0309E4143FFFC4A40613255302A691DC02979758E01FD4A40465F419AB1681DC0F758FAD005FD4A40D5EC815660681DC07E8CB96B09FD4A409C16BCE82B681DC0BE13B35E0CFD4A40D53E1D8F19681DC029965B5A0DFD4A4047C9AB730C681DC0DBC4C9FD0EFD4A40F27B9BFEEC671DC0A9A44E4013FD4A409D2E8B89CD671DC0456458C51BFD4A400FB9196EC0671DC085EB51B81EFD4A408109DCBA9B671DC04CA60A4625FD4A402BF697DD93671DC022AB5B3D27FD4A40D66EBBD05C671DC0C58F31772DFD4A40105D50DF32671DC04CC3F01131FD4A40102384471B671DC021C8410933FD4A4010751F80D4661DC0A9FB00A436FD4A40499D8026C2661DC0F0A7C64B37FD4A40	0101000020E610000001000000A8671DC0B5CC62B575FD4A40	2025-12-07 15:52:22.893773+00	5	67641	3408
36	0102000020E6100000690400000A11700855EA1AC05E9D6340F6664A40D07EA4880CEB1AC0740CC85EEF664A40B3EF8AE07FEB1AC0EDD808C4EB664A40B0C91AF510ED1AC0573ECBF3E0664A405704FF5BC9EE1AC049D74CBED9664A40904E5DF92CEF1AC090831266DA664A4001FBE8D495EF1AC0895E46B1DC664A40AB21718FA5EF1AC01EDC9DB5DB664A40ABCFD556ECEF1AC090831266DA664A4055DE8E705AF01AC0095053CBD6664A40C6504EB4ABF01AC0A6F27684D3664A407099D36531F11AC026E4839ECD664A408CBE823463F11AC050DF32A7CB664A408B54185B08F21AC0F4A62215C6664A40FC8C0B0742F21AC0FBCBEEC9C3664A405114E81379F21AC002F1BA7EC1664A40349D9D0C8EF21AC0986E1283C0664A40FBAE08FEB7F21AC07BBDFBE3BD664A40FB5C6DC5FEF21AC0425BCEA5B8664A40DE59BBED42F31AC09F76F86BB2664A40DE9387855AF31AC0ED478AC8B0664A40166A4DF38EF31AC089EAAD81AD664A4088687407B1F31AC0FB912232AC664A40C03E3A75E5F31AC002B7EEE6A9664A408750A5660FF41AC02DB29DEFA7664A4032772D211FF41AC09F5912A0A6664A40C0266BD443F41AC04963B48EAA664A40A323B9FC87F41AC0C971A774B0664A40DBF97E6ABCF41AC0BB270F0BB5664A40D99942E735F61AC0B43C0FEECE664A40D7DD3CD521F71AC05E6397A8DE664A40F1F44A5986F81AC0D769A4A5F2664A400DE02D90A0F81AC042EC4CA1F3664A4046B6F3FDD4F81AC0C91F0C3CF7664A4062670A9DD7F81AC0A54929E8F6664A40B77A4E7ADFF81AC05E9D6340F6664A4062A1D634EFF81AC03BC780ECF5664A400CC85EEFFEF81AC03BC780ECF5664A409B3DD00A0CF91AC0A54929E8F6664A40B7EEE6A90EF91AC0C91F0C3CF7664A400C3CF71E2EF91AC082734694F6664A4061C3D32B65F91AC05E9D6340F6664A40D2A92B9FE5F91AC03BC780ECF5664A400AA2EE0390FA1AC017F19D98F5664A407B14AE47E1FA1AC05E9D6340F6664A404148163081FB1AC034A2B437F8664A40EA3E00A94DFC1AC07429AE2AFB664A402159C0046EFD1AC01E335019FF664A40CA4FAA7D3AFE1AC0EC12D55B03674A4058AD4CF8A5FE1AC0C217265305674A40008C67D0D0FF1AC01E5036E50A674A4039622D3E05001BC089D2DEE00B674A40AA4885B185001BC0D07EA4880C674A406FF085C954011BC03B014D840D674A4019390B7BDA011BC0A583F57F0E674A4035D252793B021BC033DC80CF0F674A40C2DD59BBED021BC0BB0F406A13674A40F931E6AE25041BC0C976BE9F1A674A40302AA913D0041BC025AFCE3120674A40A14ACD1E68051BC0C993A46B26674A40BDA94885B1051BC09E98F56228674A404BCD1E6805061BC0091B9E5E29674A40BCB376DB85061BC050C763062A674A40F4C308E1D1061BC0739D465A2A674A40486DE2E47E071BC0BA490C022B674A4080B74082E2071BC049A297512C674A402AC6F99B50081BC01EA7E8482E674A40F14BFDBCA9081BC0D0D556EC2F674A407EE36BCF2C091BC03333333333674A4043739D465A0A1BC0FAEDEBC039674A40ECDD1FEF550B1BC0C1A8A44E40674A40EBC5504EB40B1BC048DC63E943674A40B1A71DFE9A0C1BC04F1E166A4D674A40CB10C7BAB80D1BC0DE9387855A674A40AE81AD122C0E1BC0CF49EF1B5F674A4057EC2FBB270F1BC0255D33F966674A40E38DCC237F101BC0412B306475674A406F8104C58F111BC0FA9B508880674A408B1A4CC3F0111BC0164D672783674A403541D47D00121BC0164D672783674A40153AAFB14B141BC0BA313D6189674A40145CACA8C1141BC0D6E253008C674A40F71E2E39EE141BC08811C2A38D674A402FDD240681151BC04FCC7A3194674A404A5E9D6340161BC07AE40F069E674A40F4328AE596161BC0D61C2098A3674A4048C49448A2171BC08FAA2688BA674A40F05014E813191BC07250C24CDB674A4060E5D022DB191BC079AF5A99F0674A40601F9DBAF2191BC0728A8EE4F2674A405F419AB1681A1BC04ED1915CFE674A4008AC1C5A641B1BC00E84640113684A407AE40F069E1B1BC0B2683A3B19684A407958A835CD1B1BC09CF9D51C20684A40B18A37328F1C1BC0EA211ADD41684A409487855AD31C1BC0CE8DE9094B684A40AEF02E17F11D1BC0062AE3DF67684A40912749D74C1E1BC00D6C956071684A40AC1C5A643B1F1BC0639CBF0985684A4056F146E6911F1BC02332ACE28D684A4000529B38B91F1BC0868F882991684A40569FABADD81F1BC05B94D92093684A40E3C281902C201BC0E3C798BB96684A408CA19C6857211BC031B610E4A0684A408AABCABE2B221BC0F870C971A7684A403108AC1C5A241BC09B728577B9684A40F819170E84241BC07077D66EBB684A40F853E3A59B241BC0DBF97E6ABC684A40BF2B82FFAD241BC069520ABABD684A40F73B1405FA241BC078B988EFC4684A4068226C787A251BC0DB334B02D4684A40118DEE2076261BC0C5FEB27BF2684A409F76F86BB2261BC069E388B5F8684A40BBD573D2FB261BC0774A07EBFF684A40F437A11001271BC0BEF6CC9200694A404833164D67271BC05BB6D61709694A40D5CA845FEA271BC062F8889812694A40B9C7D2872E281BC0E92B483316694A40B875374F75281BC029B3412619694A402A3A92CB7F281BC04C89247A19694A40D4D4B2B5BE281BC0228E75711B694A40D4484BE5ED281BC08C101E6D1C694A407EE36BCF2C291BC0D3BCE3141D694A40B5FD2B2B4D2A1BC05AF0A2AF20694A405F46B1DCD22A1BC00C1F115322694A405E68AED3482B1BC0E223624A24694A4096B20C71AC2B1BC005FA449E24694A4096ECD808C42B1BC029D027F224694A40CEFC6A0E102C1BC09352D0ED25694A40795DBF60372C1BC0DAFE959526694A403F6F2A52612C1BC045813E9127694A403FE3C281902C1BC01A868F8829694A4022A64412BD2C1BC0F08AE07F2B694A403E05C078062D1BC0BE6A65C22F694A40E89FE062452D1BC0FEF15EB532694A40CB10C7BAB82D1BC0F7CC920035694A40042159C0042E1BC0F7CC920035694A4091442FA3582E1BC08C4AEA0434694A405682C5E1CC2F1BC053E8BCC62E694A407155D97745301BC0E96514CB2D694A40C5E6E3DA50311BC07EE36BCF2C694A40344B02D4D4321BC0613255302A694A40FA0AD28C45331BC0D3D9C9E028694A404E7ADFF8DA331BC0BE4D7FF623694A4086AC6EF59C341BC0456458C51B694A40BD8C62B9A5351BC0A2629CBF09694A40BC74931804361BC0DBA7E33103694A4049F4328AE5361BC030815B77F3684A40645DDC4603381BC077103B53E8684A40D2A92B9FE5391BC0DB5031CEDF684A4009C4EBFA053B1BC0376C5B94D9684A4097395D16133B1BC0376C5B94D9684A40EAEC6470943C1BC07FFB3A70CE684A40CB67791EDC3D1BC0145CACA8C1684A40919BE1067C3E1BC022A64412BD684A401E335019FF3E1BC04DA1F31ABB684A40C8EF6DFAB33F1BC00D1AFA27B8684A408EAF3DB324401BC03815A930B6684A40E3FC4D2844401BC0F168E388B5684A40FFCF61BEBC401BC0F88DAF3DB3684A4036C8242367411BC04D840D4FAF684A40355EBA490C421BC0F14BFDBCA9684A4018096D3997421BC0226C787AA5684A40884B8E3BA5431BC07F87A2409F684A4085EB51B81E451BC07120240B98684A40BB61DBA2CC461BC0868F882991684A40641EF98381471BC0B18A37328F684A402A8C2D0439481BC094D920938C684A40F0332E1C08491BC038A1100187684A407D3F355EBA491BC071E6577380684A40EEB1F4A10B4A1BC0BFB7E9CF7E684A40CDCCCCCCCC4C1BC0AA0EB9196E684A40E88711C2A34D1BC023DBF97E6A684A4076374F75C84D1BC0B858518369684A409296CADB114E1BC02A00C63368684A40E6577380604E1BC09CA73AE466684A40ADA3AA09A24E1BC078D1579066684A403BC780ECF54E1BC09CA73AE466684A403A3B191C254F1BC0062AE3DF67684A4090882991444F1BC095826E2F69684A40560E2DB29D4F1BC06362F3716D684A40390B7BDAE14F1BC07F130A1170684A40E3A59BC420501BC055185B0872684A4054C6BFCFB8501BC0FF21FDF675684A40C16ED8B628531BC01CF0F96184684A40A56B26DF6C531BC08672A25D85684A40320395F1EF531BC0AA4885B185684A40A25D85949F541BC071E6577380684A404D327216F6541BC0EAB298D87C684A402FDD240681551BC0959F54FB74684A40D93D7958A8551BC09CC420B072684A402D211FF46C561BC0E353008C67684A40F4A62215C6561BC0A3CC069964684A40BA1457957D571BC0B1169F0260684A409B030473F4581BC02AE3DF675C684A400ABABDA4315A1BC0B83B6BB75D684A40265305A3925A1BC0FFE7305F5E684A4022C32ADEC85C1BC078D1579066684A40A930B610E4601BC0F8FC304278684A40E162450DA6611BC09CE1067C7E684A40C4995FCD01621BC0F819170E84684A4018096D3997621BC0AA656B7D91684A405053CBD6FA621BC0069E7B0F97684A40FA9B508880631BC08DD13AAA9A684A40F86BB2463D641BC0F853E3A59B684A4010E9B7AF03671BC0B8CCE9B298684A4082E7DEC325671BC07120240B98684A400D71AC8BDB681BC0BFF1B56796684A40D3F6AFAC34691BC0546F0D6C95684A40B515FBCBEE691BC031992A1895684A40D122DBF97E6A1BC09B1BD31396684A40404D2D5BEB6B1BC0F853E3A59B684A4024D6E253006C1BC01B2AC6F99B684A40B2852007256C1BC062D68BA19C684A40B01BB62DCA6C1BC0F12E17F19D684A405A643BDF4F6D1BC086AC6EF59C684A4059FAD005F56D1BC0224F92AE99684A40CA32C4B12E6E1BC094F6065F98684A407407B133856E1BC0E3C798BB96684A403B8DB454DE6E1BC0E3C798BB96684A407429AE2AFB6E1BC02A745E6397684A4002D9EBDD1F6F1BC094F6065F98684A40E561A1D6346F1BC0DBA2CC0699684A403AAFB14B546F1BC0D47D00529B684A4001C11C3D7E6F1BC0A25D85949F684A40C746205ED76F1BC07FA4880CAB684A40397F130A11701BC09430D3F6AF684A40E223624A24711BC0A9D903ADC0684A408B321B6492711BC00612143FC6684A4051DA1B7C61721BC07FFB3A70CE684A406DE7FBA9F1721BC02905DD5ED2684A4030BB270F0B751BC070CE88D2DE684A4012A0A696AD751BC0F701486DE2684A40F3C81F0C3C771BC01BF5108DEE684A40D5CF9B8A54781BC0B7B41A12F7684A40452A8C2D04791BC07E6FD39FFD684A40B610E4A084791BC08CD651D504694A407C7E18213C7A1BC005C078060D694A40EC4CA1F31A7B1BC0CC7A319413694A40EB6E9EEA907B1BC09B5AB6D617694A40247F30F0DC7B1BC0456458C51B694A40CE8DE9094B7C1BC0A29C685721694A400664AF777F7C1BC053CBD6FA22694A40789CA223B97C1BC0E223624A24694A40B0AC3429057D1BC029D027F224694A40040473F4F87D1BC005FA449E24694A40C87BD5CA847F1BC0613255302A694A4037E0F3C308811BC0697407B133694A4053B3075A81811BC08C4AEA0434694A401973D712F2811BC01AA3755435694A40520FD1E80E821BC01AA3755435694A406E3480B740821BC0D3F6AFAC34694A4018CFA0A17F821BC021C8410933694A40184339D1AE821BC0936FB6B931694A4033DC80CF0F831BC0E140481630694A40C251F2EA1C831BC0E140481630694A40892991442F831BC0E140481630694A4017D9CEF753831BC005172B6A30694A40A4703D0AD7831BC005172B6A30694A4031B610E4A0841BC0B745990D32694A40DAE6C6F484851BC0B745990D32694A4012BD8C62B9851BC0B745990D32694A40111956F146861BC005172B6A30694A40F415A4198B861BC077BE9F1A2F694A4065FCFB8C0B871BC01361C3D32B694A409DBAF2599E871BC03E5C72DC29694A409D685721E5871BC0850838842A694A402A00C63368881BC0F08AE07F2B694A40F0332E1C08891BC09A94826E2F694A4044696FF085891BC0459E245D33694A40603C8386FE891BC037548CF337694A4097A8DE1AD88A1BC0B03DB32440694A4009E1D1C6118B1BC08542041C42694A40EC17EC866D8B1BC0304CA60A46694A402310AFEB178C1BC05A643BDF4F694A40CEAACFD5568C1BC093C6681D55694A40B16D5166838C1BC0EFFE78AF5A694A40CC4065FCFB8C1BC036C8242367694A4021020EA14A8D1BC04C546F0D6C694A40AF25E4839E8D1BC0D3872EA86F694A40E7FBA9F1D28D1BC061E0B9F770694A40E6913F18788E1BC036E50AEF72694A40C976BE9F1A8F1BC0C53D963E74694A4055F65D11FC8F1BC0289B728577694A40A9C1340C1F911BC084D382177D694A40350708E6E8911BC004E275FD82694A40DF4F8D976E921BC01A6EC0E787694A40179AEB34D2921BC076A6D0798D694A4088BA0F406A931BC0CBB9145795694A404DD6A88768941BC09AB67F65A5694A40BEBC00FBE8941BC012A0A696AD694A4030BB270F0B951BC0A1F831E6AE694A40F7CC920035951BC0282CF180B2694A4012A0A696AD951BC00B98C0ADBB694A402E39EE940E961BC08481E7DEC3694A40BC96900F7A961BC067EDB60BCD694A4010CCD1E3F7961BC04B598638D6694A40BBF2599E07971BC092054CE0D6694A40BA2C26361F971BC0205ED72FD8694A4065C746205E971BC0F6622827DA694A40D68BA19C68971BC019390B7BDA694A400F289B7285971BC060E5D022DB694A40488AC8B08A971BC0D28C45D3D9694A4081ECF5EE8F971BC0670A9DD7D8694A40D6FF39CC97971BC0205ED72FD8694A4048C49448A2971BC0D9B11188D7694A40B988EFC4AC971BC0B6DB2E34D7694A4048FE60E0B9971BC092054CE0D6694A40D6AD9E93DE971BC0B6DB2E34D7694A40B936548CF3971BC04434BA83D8694A400E4A9869FB971BC0AEB6627FD9694A4047ACC5A700981BC019390B7BDA694A4047ACC5A700981BC084BBB376DB694A4047ACC5A700981BC0CB67791EDC694A400E4A9869FB971BC036EA211ADD694A40B936548CF3971BC0A06CCA15DE694A40D6AD9E93DE971BC02EC55565DF694A40642310AFEB971BC0BD1DE1B4E0694A4047ACC5A700981BC0FDA4DAA7E3694A40F20C1AFA27981BC0A089B0E1E9694A409CA73AE466981BC0D9EBDD1FEF694A407F6ABC7493981BC01973D712F2694A407E52EDD3F1981BC0E7525C55F6694A400CC85EEFFE981BC02EFF21FDF6694A40B6D617096D991BC067614F3BFC694A4099D36531B1991BC0126BF129006A4A40B5A679C7299A1BC044A852B3076A4A400A68226C789A1BC07C0A80F10C6A4A4096218E75719B1BC043E21E4B1F6A4A4023DBF97E6A9C1BC0BCE82B48336A4A4022AB5B3D279D1BC0910A630B416A4A40AF5A99F04B9D1BC08AE59656436A4A40AF08FEB7929D1BC058C51B99476A4A40AEB6627FD99D1BC003CFBD874B6A4A40CBDB114E0B9E1BC0FCA9F1D24D6A4A401FBFB7E9CF9E1BC0E73A8DB4546A4A403A4030478F9F1BC0AEF545425B6A4A408EE9094B3CA01BC075B0FECF616A4A40E2E47E87A2A01BC066666666666A4A408CA19C6857A11BC026FC523F6F6A4A40FDD98F1491A11BC066834C32726A4A408B37328FFCA11BC0C3BB5CC4776A4A40A796ADF545A21BC06DC5FEB27B6A4A4089B5F81400A31BC07407B133856A4A408811C2A38DA31BC0EDF0D7648D6A4A40F931E6AE25A41BC0D15CA791966A4A40DC68006F81A41BC02D95B7239C6A4A40F701486DE2A41BC0D1798D5DA26A4A40693A3B191CA51BC058AD4CF8A56A4A402FC03E3A75A51BC0D8BB3FDEAB6A4A40A06CCA15DEA51BC0747B4963B46A4A40BCCB457C27A61BC0F4893C49BA6A4A402E90A0F831A61BC0ADDD76A1B96A4A40D8B628B341A61BC06631B1F9B86A4A40672C9ACE4EA61BC0425BCEA5B86A4A402E04392861A61BC06631B1F9B86A4A40F5DBD78173A61BC0ADDD76A1B96A4A404AEF1B5F7BA61BC0D0B359F5B96A4A40BCB376DB85A61BC05F0CE544BB6A4A40D8648D7A88A61BC0C98E8D40BC6A4A40D8648D7A88A61BC058E71890BD6A4A408351499D80A61BC0E63FA4DFBE6A4A40F5DBD78173A61BC074982F2FC06A4A404AB54FC763A61BC0BB44F5D6C06A4A40BC3FDEAB56A61BC0BB44F5D6C06A4A40F52D73BA2CA61BC01FA2D11DC46A4A404A07EBFF1CA61BC0ADFA5C6DC56A4A40677E350708A61BC0A6D590B8C76A4A40DA20938C9CA51BC05721E527D56A4A40F623456458A51BC017B7D100DE6A4A404CFDBCA948A51BC03468E89FE06A4A4014B35E0CE5A41BC09E077767ED6A4A4086C954C1A8A41BC0C91F0C3CF76A4A408655BC9179A41BC04209336DFF6A4A40A31EA2D11DA41BC0C2340C1F116B4A40F9BD4D7FF6A31BC0A5A0DB4B1A6B4A406B48DC63E9A31BC0E527D53E1D6B4A4087BF266BD4A31BC025AFCE31206B4A406C787AA52CA31BC0DE76A1B94E6B4A4033DC80CF0FA31BC05760C8EA566B4A4033DC80CF0FA31BC025404D2D5B6B4A4033DC80CF0FA31BC06CEC12D55B6B4A40FB7953910AA31BC065C746205E6B4A4034A2B437F8A21BC06C09F9A0676B4A406C04E275FDA21BC0B3B5BE48686B4A40C217265305A31BC0D68BA19C686B4A40172B6A300DA31BC0410E4A98696B4A4033DC80CF0FA31BC0AC90F2936A6B4A4033DC80CF0FA31BC016139B8F6B6B4A4033DC80CF0FA31BC08195438B6C6B4A40FB7953910AA31BC0EC17EC866D6B4A40A5660FB402A31BC07A7077D66E6B4A405053CBD6FAA21BC09D465A2A6F6B4A40C2DD59BBEDA21BC05DDC4603786B4A40A52C431CEBA21BC04F92AE997C6B4A405019FF3EE3A21BC0FA9B5088806B4A406DCA15DEE5A21BC033FE7DC6856B4A40C2DD59BBEDA21BC0A4C2D842906B4A4017F19D98F5A21BC0A4DFBE0E9C6B4A406C04E275FDA21BC0B2463D44A36B4A40DEC83CF207A31BC05D6DC5FEB26B4A4033DC80CF0FA31BC0F92CCF83BB6B4A406C3EAE0D15A31BC0EBE2361AC06B4A4089EFC4AC17A31BC024456458C56B4A40C251F2EA1CA31BC032ACE28DCC6B4A4050C763062AA31BC007CE1951DA6B4A40DD24068195A31BC04087F9F2026C4A40DD5ED218ADA31BC047C9AB730C6C4A40327216F6B4A31BC0CEFC6A0E106C4A40A4367172BFA31BC079060DFD136C4A40C02154A9D9A31BC0A31EA2D11D6C4A40F98381E7DEA31BC07923F3C81F6C4A40DD0C37E0F3A31BC0DC80CF0F236C4A40F9BD4D7FF6A31BC0232D95B7236C4A40A4E4D53906A41BC07940D9942B6C4A4015E3FC4D28A41BC0795DBF60376C4A40A3586E6935A41BC0DCBA9BA73A6C4A40BF4351A04FA41BC0473D44A33B6C4A406A6AD95A5FA41BC0D595CFF23C6C4A40A306D3307CA41BC01C42959A3D6C4A40868F882991A41BC063EE5A423E6C4A40BF2B82FFADA41BC0AA9A20EA3E6C4A404C4F58E201A51BC0AA9A20EA3E6C4A4068AED3484BA51BC0401878EE3D6C4A40DAACFA5C6DA51BC01C42959A3D6C4A40126BF12900A61BC0DCBA9BA73A6C4A402D78D15790A61BC00EDB1665366C4A4065FCFB8C0BA71BC0B1A206D3306C4A4065FCFB8C0BA71BC047205ED72F6C4A40BB0F406A13A71BC0DC9DB5DB2E6C4A40F3716DA818A71BC0711B0DE02D6C4A406536C82423A71BC02A6F47382D6C4A40105D50DF32A71BC0C0EC9E3C2C6C4A40BA83D89942A71BC07940D9942B6C4A402C4833164DA71BC0556AF6402B6C4A409E0C8E9257A71BC0556AF6402B6C4A400FD1E80E62A71BC07940D9942B6C4A409D465A2A6FA71BC09C16BCE82B6C4A40486DE2E47EA71BC0079964E42C6C4A40BA313D6189A71BC0711B0DE02D6C4A402BF697DD93A71BC047205ED72F6C4A406458C51B99A71BC0D578E926316C4A4048A7AE7C96A71BC01C25AFCE316C4A4048A7AE7C96A71BC0AA7D3A1E336C4A40D6E253008CA71BC05CACA8C1346C4A4081CF0F2384A71BC0A3586E69356C4A402CBCCB457CA71BC0EA043411366C4A402B306475ABA71BC06A1327F73B6C4A40F20703CFBDA71BC063EE5A423E6C4A40807D74EACAA71BC0F146E6913F6C4A409D685721E5A71BC0C74B3789416C4A40802BD9B111A81BC09C508880436C4A408065A54929A81BC0E3FC4D28446C4A400EDB166536A81BC007D3307C446C4A409CC420B072A81BC0952BBCCB456C4A40B77F65A549A91BC03F355EBA496C4A40D00A0C59DDAA1BC02AC6F99B506C4A40793BC269C1AB1BC0F8A57EDE546C4A40795DBF6037AC1BC0CEAACFD5566C4A402384471B47AC1BC0AAD4EC81566C4A407767EDB60BAD1BC0EA5BE674596C4A40AFEB17EC86AD1BC09C8A54185B6C4A403CBD529621AE1BC02AE3DF675C6C4A4075594C6C3EAE1BC0718FA50F5D6C4A40AD2F12DA72AE1BC0956588635D6C4A40026553AEF0AE1BC0B83B6BB75D6C4A401D7233DC80AF1BC0B83B6BB75D6C4A40C7681D554DB01BC0FFE7305F5E6C4A40888043A852B31BC08E40BCAE5F6C4A401344DD0720B51BC01C9947FE606C4A40BD3AC780ECB51BC01C9947FE606C4A4083C0CAA145B61BC0F8C264AA606C4A409FE5797077B61BC0D5EC8156606C4A40BB0A293FA9B61BC0FFE7305F5E6C4A40D8BB3FDEABB61BC0718FA50F5D6C4A40F46C567DAEB61BC0060DFD135C6C4A402DCF83BBB3B61BC09C8A54185B6C4A4082E2C798BBB61BC055DE8E705A6C4A40105839B4C8B61BC00E32C9C8596C4A409FCDAACFD5B61BC0C6850321596C4A402D431CEBE2B61BC0C6850321596C4A40D769A4A5F2B61BC0EA5BE674596C4A40492EFF21FDB61BC00E32C9C8596C4A409E4143FF04B71BC078B471C45A6C4A40D7A3703D0AB71BC0BF60376C5B6C4A40F302ECA353B71BC078B471C45A6C4A4062A1D634EFB81BC055DE8E705A6C4A40605969520ABA1BC03108AC1C5A6C4A4043E21E4B1FBA1BC055DE8E705A6C4A40B48EAA2688BA1BC03108AC1C5A6C4A40B4024356B7BA1BC03108AC1C5A6C4A40977329AE2ABB1BC03108AC1C5A6C4A40CC5D4BC807BD1BC03108AC1C5A6C4A40CBB9145795BD1BC00E32C9C8596C4A40C45F9335EAC11BC055DE8E705A6C4A4051A5660FB4C21BC078B471C45A6C4A4051A5660FB4C21BC0EA5BE674596C4A408907944DB9C21BC05C035B25586C4A40DF1AD82AC1C21BC01557957D576C4A40342E1C08C9C21BC0CEAACFD5566C4A40894160E5D0C21BC0AAD4EC81566C4A40DE54A4C2D8C21BC087FE092E566C4A406DCA15DEE5C21BC087FE092E566C4A4017F19D98F5C21BC087FE092E566C4A40A5660FB402C31BC0AAD4EC81566C4A4033DC80CF0FC31BC0F180B229576C4A4089EFC4AC17C31BC05C035B25586C4A40DE02098A1FC31BC0EA5BE674596C4A40DE02098A1FC31BC055DE8E705A6C4A40C251F2EA1CC31BC0060DFD135C6C4A40C02154A9D9C31BC023BE13B35E6C4A404EB9C2BB5CC41BC0B1169F02606C4A4014B35E0CE5C41BC03F6F2A52616C4A40306475ABE7C41BC0B1169F02606C4A404D158C4AEAC41BC04694F6065F6C4A408577B988EFC41BC0FFE7305F5E6C4A40BED9E6C6F4C41BC0B83B6BB75D6C4A40309E4143FFC41BC0718FA50F5D6C4A40A2629CBF09C51BC04EB9C2BB5C6C4A4030D80DDB16C51BC02AE3DF675C6C4A40A29C685721C51BC02AE3DF675C6C4A403012DA722EC51BC04EB9C2BB5C6C4A4085251E5036C51BC0718FA50F5D6C4A40DA38622D3EC51BC0956588635D6C4A40304CA60A46C51BC0DC114E0B5E6C4A40855FEAE74DC51BC04694F6065F6C4A40BEC1172653C51BC08E40BCAE5F6C4A40DA722EC555C51BC03F6F2A52616C4A402F6EA301BCC51BC01C9947FE606C4A40126BF12900C61BC01C9947FE606C4A40D82AC1E270C61BC0F8C264AA606C4A4082397AFCDEC61BC0B1169F02606C4A4064062AE3DFC71BC04EB9C2BB5C6C4A40F2B5679604C81BC0060DFD135C6C4A402A3A92CB7FC81BC00E32C9C8596C4A4045F5D6C056C91BC01C7C6132556C4A40D23AAA9A20CA1BC078978BF84E6C4A40D1AE42CA4FCA1BC0C7681D554D6C4A407C0F971C77CA1BC0F163CC5D4B6C4A407BBDFBE3BDCA1BC0D5B2B5BE486C4A400803CFBD87CB1BC038F3AB39406C4A40B285200725CC1BC007B64AB0386C4A40CD920035B5CC1BC08ECC237F306C4A40CC4065FCFBCC1BC0C0EC9E3C2C6C4A40E89FE06245CD1BC0AA605452276C4A402098A3C7EFCD1BC06397A8DE1A6C4A403C6BB75D68CE1BC0CEFC6A0E106C4A40CA1AF5108DCE1BC06B9F8EC70C6C4A4002D9EBDD1FCF1BC00725CCB4FD6B4A4073D712F241CF1BC00E4A9869FB6B4A40AB21718FA5CF1BC0C05B2041F16B4A401CB62DCA6CD01BC0247F30F0DC6B4A40AAF1D24D62D01BC0DDD26A48DC6B4A40382D78D157D01BC07250C24CDB6B4A401C7C613255D01BC007CE1951DA6B4A401C7C613255D01BC079758E01D96B4A40382D78D157D01BC0EB1C03B2D76B4A408E40BCAE5FD01BC05DC47762D66B4A401CB62DCA6CD01BC01618B2BAD56B4A408D7A884677D01BC0F241CF66D56B4A4038A1100187D01BC0CF6BEC12D56B4A40C616821C94D01BC0CF6BEC12D56B4A40713D0AD7A3D01BC0F241CF66D56B4A40543A58FFE7D01BC02B8716D9CE6B4A4054742497FFD01BC0EBFF1CE6CB6B4A4053AEF02E17D11BC0CF4E0647C96B4A401A34F44F70D11BC064AF777FBC6B4A40C3B645990DD21BC072BF4351A06B4A40A6ED5F5969D21BC03A4030478F6B4A40DF37BEF6CCD21BC00F0BB5A6796B4A406D73637AC2D21BC00F0BB5A6796B4A40FBAE08FEB7D21BC0A4880CAB786B4A40C24CDBBFB2D21BC081B22957786B4A4089EAAD81ADD21BC03A0664AF776B4A4089EAAD81ADD21BC01630815B776B4A4089EAAD81ADD21BC0F3599E07776B4A4089EAAD81ADD21BC0412B3064756B4A4089EAAD81ADD21BC01D554D10756B4A40A69BC420B0D21BC0D6A88768746B4A40C24CDBBFB2D21BC0B3D2A414746B4A40FBAE08FEB7D21BC08FFCC1C0736B4A406D73637AC2D21BC04850FC18736B4A40DF37BEF6CCD21BC001A43671726B4A40344B02D4D4D21BC001A43671726B4A40A60F5D50DFD21BC001A43671726B4A40FB22A12DE7D21BC001A43671726B4A406DE7FBA9F1D21BC001A43671726B4A40FB5C6DC5FED21BC04850FC18736B4A405070B1A206D31BC08FFCC1C0736B4A40A583F57F0ED31BC0FA7E6ABC746B4A40C2340C1F11D31BC0412B3064756B4A40DEE522BE13D31BC088D7F50B766B4A40C2340C1F11D31BC0CF83BBB3766B4A40884677103BD31BC01630815B776B4A40FA449E245DD31BC05DDC4603786B4A40F94ECC7A31D41BC0C139234A7B6B4A4084F068E388D51BC01D7233DC806B4A40825660C8EAD61BC056D4601A866B4A40107A36AB3ED71BC0E42CEC69876B4A40EECEDA6D17DA1BC056F146E6916B4A40EBE2361AC0DB1BC01DACFF73986B4A400664AF777FDC1BC03A5D16139B6B4A40CDAFE600C1DC1BC0A4DFBE0E9C6B4A40E8BCC62E51DD1BC07AE40F069E6B4A40C91F0C3CF7DE1BC06475ABE7A46B4A4000C63368E8DF1BC0562B137EA96B4A40E2CCAFE600E11BC01DE6CB0BB06B4A40367689EAADE11BC00F9C33A2B46B4A40DE54A4C2D8E21BC0F92CCF83BB6B4A40C05B2041F1E31BC0A4367172BF6B4A404D672783A3E41BC008944DB9C26B4A40A228D027F2E41BC096ECD808C46B4A401327F73B14E51BC0B9C2BB5CC46B4A402F8672A25DE51BC0DD989EB0C46B4A404BE5ED08A7E51BC0DD989EB0C46B4A40672C9ACE4EE61BC024456458C56B4A4011C7BAB88DE61BC06BF12900C66B4A40102384471BE71BC087A2409FC86B4A40F3936A9F8EE71BC0C7293A92CB6B4A40F2B5679604E81BC02B8716D9CE6B4A400DC347C494E81BC087BF266BD46B4A400D71AC8BDBE81BC032C9C859D86B4A40D482177D05E91BC07250C24CDB6B4A4044A33B889DE91BC056BC9179E46B4A400BB5A679C7E91BC02BC1E270E66B4A400A85083884EA1BC055D97745F06B4A405F0CE544BBEA1BC095607138F36B4A4026E4839ECDEA1BC000E31934F46B4A402592E86514EB1BC039454772F96B4A409604A8A965EB1BC0B9533A58FF6B4A4079E9263108EC1BC0C095ECD8086C4A4040C1C58A1AEC1BC04EEE77280A6C4A4095826E2F69EC1BC0CEFC6A0E106C4A40EACF7EA488EC1BC0C7D79E59126C4A4094DE37BEF6EC1BC0D53E1D8F196C4A40CCEEC9C342ED1BC0399CF9D51C6C4A405AD8D30E7FED1BC0EACA67791E6C4A40594C6C3EAEED1BC0554D10751F6C4A4003098A1F63EE1BC072FE2614226C4A40CA1AF5108DEE1BC0DC80CF0F236C4A40E527D53E1DEF1BC0878A71FE266C4A40569A94826EEF1BC00EBE30992A6C4A40AB9509BFD4EF1BC08ECC237F306C4A401C08C90226F01BC0C72E51BD356C4A40FD6A0E10CCF11BC0D5CF9B8A546C4A40DF89592F86F21BC0B1169F02606C4A40FB5C6DC5FEF21BC0E353008C676C4A40DE59BBED42F31BC0B13385CE6B6C4A4033A7CB6262F31BC08638D6C56D6C4A40C078060DFDF31BC08655BC91796C4A4087C43D963EF41BC0780B24287E6C4A40A375543541F41BC09CE1067C7E6C4A40BFD4CF9B8AF41BC0F819170E846C4A4085949F54FBF41BC0068195438B6C4A40695721E527F51BC0FF5BC98E8D6C4A40683F524486F51BC0AA656B7D916C4A40F6622827DAF51BC0EAEC6470946C4A40F5D6C05609F61BC07845F0BF956C4A4048C49448A2F71BC01405FA449E6C4A4080828B1535F81BC07862D68BA16C4A40D4B7CCE9B2F81BC0FF959526A56C4A40EFE6A90EB9F91BC0E2016553AE6C4A4043E21E4B1FFA1BC0693524EEB16C4A404182E2C798FB1BC0145CACA8C16C4A4021CD58349DFD1BC0B0389CF9D56C4A40753C66A032FE1BC00D71AC8BDB6C4A401F4B1FBAA0FE1BC0B77A4E7ADF6C4A401E335019FFFE1BC06284F068E36C4A401E1B81785DFF1BC05B5F24B4E56C4A40FFCF61BEBC001CC00D8E9257E76C4A40A9DE1AD82A011CC0543A58FFE76C4A40F8A57EDE54041CC08D9C853DED6C4A404B9352D0ED051CC094DE37BEF66C4A40115322895E061CC08CB96B09F96C4A40499D8026C2061CC03EE8D9ACFA6C4A400C0742B280091CC069006F81046D4A40EFC9C342AD091CC0B0AC3429056D4A4043E73576890A1CC037E0F3C3086D4A40CBF8F719170E1CC04C89247A196D4A40910A630B410E1CC09335EA211A6D4A408750A5660F141CC0680586AC6E6D4A40DA8F149161151CC04C8E3BA5836D4A40F67AF7C77B151CC0DAE6C6F4846D4A40F6EE8FF7AA151CC0D3C1FA3F876D4A40834C327216161CC05AF5B9DA8A6D4A404A9869FB57161CC0E84D452A8C6D4A40F4A62215C6161CC053D0ED258D6D4A40D7DD3CD521171CC053D0ED258D6D4A400F289B7285171CC053D0ED258D6D4A40D26F5F07CE191CC0E12879758E6D4A405F07CE19511A1CC04BAB21718F6D4A40B476DB85E61A1CC0448655BC916D4A40598B4F01301E1CC0689604A8A96D4A4057091687331F1CC099D36531B16D4A40C7293A92CB1F1CC044DD0720B56D4A400000000000201CC0F60B76C3B66D4A4019ADA3AA09221CC012DA722EC56D4A403108AC1C5A241CC004ADC090D56D4A409F3C2CD49A261CC0A7AE7C96E76D4A4046D3D9C9E0281CC0D908C4EBFA6D4A407EE36BCF2C291CC01990BDDEFD6D4A40B6F3FDD478291CC05917B7D1006E4A402766BD18CA291CC0E04A766C046E4A40096D3997E22A1CC00B630B410E6E4A40EC2FBB270F2B1CC0BC9179E40F6E4A40CEAACFD5562C1CC0BCAE5FB01B6E4A40AF997CB3CD2D1CC0274EEE77286E4A40E2016553AE301CC00AD7A3703D6E4A40A297512CB7341CC083FA96395D6E4A406891ED7C3F351CC07CD5CA845F6E4A402F17F19D98351CC0E6577380606E4A4084D89942E7351CC0C381902C606E4A40F4F8BD4D7F361CC03C4ED1915C6E4A40F46C567DAE361CC0D1CB28965B6E4A4081785DBF60371CC051BD35B0556E4A40F180B22957381CC03C31EBC5506E4A4062156F641E391CC083DDB06D516E4A409A99999999391CC0CA897615526E4A40EE42739D463A1CC0A7B393C1516E4A4097C5C4E6E33A1CC0A7B393C1516E4A400664AF777F3C1CC0D8D30E7F4D6E4A4058AD4CF8A53E1CC051A04FE4496E4A408F19A88C7F3F1CC00AF4893C496E4A407120240B98401CC0111956F1466E4A40A8C64B3789411CC03C1405FA446E4A40A80018CFA0411CC0183E22A6446E4A408B89CDC7B5411CC0F5673F52446E4A40FDC1C073EF411CC02063EE5A426E4A401895D40968421CC0A054FB743C6E4A40894160E5D0421CC0D1747632386E4A40176536C824431CC0BCE82B48336E4A4087A757CA32441CC0A01A2FDD246E4A40BE4D7FF623451CC07C2766BD186E4A404C37894160451CC0AE47E17A146E4A40D95A5F24B4451CC00B630B410E6E4A40D7FA22A12D471CC04B9352D0ED6D4A408109DCBA9B471CC076711B0DE06D4A40F2EF332E1C481CC0A774B0FECF6D4A40D5264EEE77481CC0FD4D2844C06D4A40B8E9CF7EA4481CC0EFC9C342AD6D4A40F14BFDBCA9481CC0689604A8A96D4A400D71AC8BDB481CC07DCB9C2E8B6D4A409BE61DA7E8481CC044696FF0856D4A40B7D100DE02491CC06F641EF9836D4A40EF1B5F7B66491CC0CC7F48BF7D6D4A403F1D8F19A84C1CC0C5E6E3DA506D4A4005A3923A014D1CC08C84B69C4B6D4A403C8386FE094E1CC04CE0D6DD3C6D4A40AD2F12DA724E1CC07E00529B386D4A40747B4963B44E1CC085251E50366D4A40018750A5664F1CC021C84109336D4A40E4839ECDAA4F1CC021C84109336D4A40AA436E861B501CC0697407B1336D4A40E38DCC237F501CC03E7958A8356D4A4054742497FF501CC0E882FA96396D4A408C84B69C4B511CC04CE0D6DD3C6D4A40E0F3C308E1511CC0139B8F6B436D4A406D73637AC2521CC0618907944D6D4A40A04FE449D2551CC0EF384547726D4A400AA2EE03905A1CC0689604A8A96D4A40211FF46C565D1CC04B3CA06CCA6D4A40E0BE0E9C33621CC00B462575026E4A4033DC80CF0F631CC059349D9D0C6E4A40FA9B508880631CC09296CADB116E4A404DDBBFB2D2641CC03CBD5296216E4A40BBD573D2FB661CC0A779C7293A6E4A40F241CF66D5671CC0183E22A6446E4A400DC347C494681CC0D8D30E7F4D6E4A407E1D386744691CC0C364AA60546E4A402788BA0F406A1CC03C4ED1915C6E4A400803CFBD876B1CC0D80DDB16656E4A40B16D5166836C1CC07CF2B0506B6E4A402254A9D9036D1CC0DF4F8D976E6E4A40228E75711B6D1CC026FC523F6F6E4A40594C6C3EAE6D1CC0833463D1746E4A40AE47E17A146E1CC02619390B7B6E4A40E6577380606E1CC05F7B6649806E4A40CA1AF5108D6E1CC043CA4FAA7D6E4A401FA2D11DC46E1CC0BC96900F7A6E4A4090A0F831E66E1CC0E6913F18786E4A403A3B191C256F1CC0B471C45A7C6E4A4073D712F2416F1CC066A032FE7D6E4A401D386744696F1CC0F4F8BD4D7F6E4A4038DBDC989E701CC026361FD7866E4A40FD6A0E10CC711CC00AA2EE03906E4A40DDCD531D72731CC0A661F888986E4A40F9A067B3EA731CC05890662C9A6E4A404BC8073D9B751CC01F4B1FBAA06E4A40F6EE8FF7AA751CC04221020EA16E4A40F302ECA353771CC0C22FF5F3A66E4A40D68BA19C68771CC0E605D847A76E4A4081ECF5EE8F771CC00ADCBA9BA76E4A409CBF098508781CC0BB0A293FA96E4A4062670A9DD7781CC0FB912232AC6E4A404512BD8C62791CC03B191C25AF6E4A40EE940ED6FF791CC09F76F86BB26E4A409869FB57567A1CC0747B4963B46E4A4009C4EBFA057B1CC0912C6002B76E4A405C1B2AC6F97B1CC09F93DE37BE6E4A403A92CB7F487F1CC0095053CBD66E4A4073A25D85947F1CC0DE54A4C2D86E4A40384A5E9D63801CC06688635DDC6E4A40A8C64B3789811CC0EDBB22F8DF6E4A408B4F01309E811CC01092054CE06E4A40184339D1AE821CC0261E5036E56E4A40DE3CD52137831CC0575BB1BFEC6E4A40C02154A9D9831CC0EDF5EE8FF76E4A40A2EE0390DA841CC0B3CD8DE9096F4A40DBC4C9FD0E851CC033DC80CF0F6F4A40855FEAE74D851CC03A1E3350196F4A40F5B9DA8AFD851CC0FAEDEBC0396F4A40F437A11001871CC08FDFDBF4676F4A40D7C0560916871CC0AC90F2936A6F4A4048BF7D1D38871CC00FEECEDA6D6F4A40F3599E0777871CC0BAF770C9716F4A409D2E8B89CD871CC0CF83BBB3766F4A4099D87C5C1B8A1CC0C173EFE1926F4A404209336DFF8A1CC09DBAF2599E6F4A40079964E42C8C1CC0B988EFC4AC6F4A40CCB4FD2B2B8D1CC06BD44334BA6F4A409296CADB118E1CC0481B47ACC56F4A40E6797077D68E1CC04F5DF92CCF6F4A40022B8716D98E1CC07233DC80CF6F4A40739D465A2A8F1CC087BF266BD46F4A40E38DCC237F901CC0249C16BCE86F4A40FCC6D79E59921CC0F2B5679604704A406A4DF38E53941CC08EAF3DB324704A4086200725CC941CC0B9C7D2872E704A4085B69C4B71951CC0F146E6913F704A40A0C37C7901961CC0B1F9B83654704A408386FE092E961CC0956588635D704A40670FB40243961CC0CDE49B6D6E704A4083C0CAA145961CC0F8FC304278704A40670FB40243961CC031992A1895704A402EE7525C55961CC0DBBFB2D2A4704A40F5BEF1B567961CC086C954C1A8704A40833463D174961CC05BCEA5B8AA704A40D881734694961CC0BF2B82FFAD704A4011E4A08499961CC0E2016553AE704A40821C9430D3961CC08D0B0742B2704A409EEFA7C64B971CC0789CA223B9704A402BC1E270E6971CC0145CACA8C1704A4063B9A5D590981CC0D4F19881CA704A400CB08F4E5D991CC01BBB44F5D6704A405FEFFE78AF9A1CC0D4484BE5ED704A40240B98C0AD9B1CC0E9F17B9BFE704A4078280AF4899C1CC022718FA50F714A403F00A94D9C9C1CC0F775E09C11714A40CBA145B6F39D1CC0936FB6B931714A40CBDB114E0B9E1CC08C4AEA0434714A40AD342905DD9E1CC00551F70148714A40E5B8533A589F1CC0E197FA7953714A40AB7823F3C89F1CC07632384A5E714A4039EE940ED69F1CC0E1B4E0455F714A4039622D3E05A01CC0F6402B3064714A40384A5E9D63A01CC0B6D617096D714A40FF959526A5A01CC07D91D09673714A40C381902C60A21CC0FDF675E09C714A4033164D6727A31CC00B7BDAE1AF714A40179F02603CA31CC004560E2DB2714A40C0E78711C2A31CC04B1FBAA0BE714A4031CEDF8442A41CC04B3CA06CCA714A408655BC9179A41CC0191C25AFCE714A404D672783A3A41CC07D7901F6D1714A40693A3B191CA51CC060E5D022DB714A402F8672A25DA51CC076711B0DE0714A40F60B76C3B6A51CC0AED3484BE5714A40670A9DD7D8A51CC06002B7EEE6714A40A0A696ADF5A51CC0CB845FEAE7714A40672C9ACE4EA61CC0350708E6E8714A40F437A11001A71CC07DB3CD8DE9714A4082AD122C0EA71CC07DB3CD8DE9714A402B306475ABA71CC00B0C59DDEA714A408065A54929A81CC02EE23B31EB714A40639CBF0985A81CC0C45F9335EA714A4029E8F692C6A81CC012312592E8714A40B7D100DE02A91CC0F67F0EF3E5714A409A7CB3CD8DA91CC0C442AD69DE714A407D7901F6D1A91CC0CB67791EDC714A4026361FD786AA1CC0D28C45D3D9714A407A53910A63AB1CC0205ED72FD8714A40795DBF6037AC1CC04B598638D6714A40B03DB32440AD1CC0A04FE449D2714A4020240B98C0AD1CC07D7901F6D1714A40CAA65CE15DAE1CC0A04FE449D2714A40E6797077D6AE1CC076543541D4714A40AC730CC85EAF1CC0670A9DD7D8714A40726DA818E7AF1CC02EC55565DF714A408CD651D504B11CC01973D712F2714A40A8A9656B7DB11CC06E861BF0F9714A406EA301BC05B21CC00B46257502724A40FC00A43671B21CC03C8386FE09724A4050FC1873D7B21CC0E0675C3810724A40A5F78DAF3DB31CC07C2766BD18724A4087DC0C37E0B31CC099F5622827724A40153AAFB14BB41CC03CDA38622D724A401422E010AAB41CC02E90A0F831724A401344DD0720B51CC0FC6F253B36724A40D8D30E7F4DB61CC0982F2FC03E724A409EB5DB2E34B71CC058C51B9947724A402B137EA99FB71CC0B5FD2B2B4D724A407FBC57AD4CB81CC0D1CB28965B724A40B806B64AB0B81CC0BC5CC47762724A40F0DC7BB8E4B81CC0B537F8C264724A40289B728577B91CC0CAC342AD69724A40B6F81400E3B91CC00A4B3CA06C724A40E8305F5E80BD1CC08A7615527E724A40757632384ABE1CC03480B74082724A40AB048BC399BF1CC04A0C022B87724A40AA8251499DC01CC043E7357689724A4053910A630BC11CC0AD69DE718A724A40FDC1C073EFC11CC0D13FC1C58A724A40A14ACD1E68C51CC0D13FC1C58A724A402D26361FD7C61CC0A64412BD8C724A40F14BFDBCA9C81CC0037D224F92724A40991249F432CA1CC03BDF4F8D97724A4009A7052FFACA1CC09F3C2CD49A724A40B13385CE6BCC1CC08ACDC7B5A1724A4021020EA14ACD1CC07B832F4CA6724A40ABE7A4F78DCF1CC098512CB7B4724A408A027D224FD21CC0187D0569C6724A40344B02D4D4D21CC0E65C8AABCA724A40FB5C6DC5FED21CC0DF37BEF6CC724A4016F6B4C35FD31CC0C9C859D8D3724A4088687407B1D31CC0FB05BB61DB724A40DC291DACFFD31CC0DE718A8EE4724A40A297512CB7D41CC0C2FA3F87F9724A40695721E527D51CC082902C6002734A40BD8C62B9A5D51CC065FCFB8C0B734A40679B1BD313D61CC097395D1613734A40117008556AD61CC06519E25817734A409F93DE37BED61CC057CF49EF1B734A40F2B0506B9AD71CC082E7DEC325734A400D6C956071D81CC0904E5DF92C734A4097C5C4E6E3DA1CC0AC1C5A643B734A40B18A37328FDC1CC01EE1B4E045734A40E6AE25E483DE1CC0CF2C095053734A40732EC55565DF1CC04F3BFC3559734A401CD3139678E01CC065C746205E734A40FE7DC68503E11CC0F31FD26F5F734A40FD9FC37C79E11CC0CF49EF1B5F734A40A7E8482EFFE11CC0CF49EF1B5F734A40FB57569A94E21CC0A54E401361734A40176536C824E31CC0C1FF56B263734A40F90FE9B7AFE31CC0018750A566734A40DC68006F81E41CC0410E4A9869734A40D122DBF97EEA1CC05DDC460378734A4079AF5A99F0EB1CC0E40F069E7B734A405CE674594CEC1CC0736891ED7C734A407715527E52ED1CC0FA9B508880734A40AE81AD122CEE1CC05DF92CCF83734A40912C6002B7EE1CC09D8026C286734A40E449D23593EF1CC0488AC8B08A734A406F47382D78F11CC0E449D23593734A405114E81379F21CC0D6FF39CC97734A40FBE8D495CFF21CC0AB048BC399734A40A25D85949FF41CC0D61C2098A3734A4067EDB60BCDF51CC07901F6D1A9734A40481630815BF71CC0AB3E575BB1734A4009168733BFFA1CC05D8AABCABE734A40CFBD874B8EFB1CC09D11A5BDC1734A405A47551344FD1CC024456458C5734A40E2CCAFE600011DC040F67AF7C7734A408A1F63EE5A021DC0AB7823F3C8734A404B9352D0ED051DC0481B47ACC5734A40F31FD26F5F071DC01D2098A3C7734A400C59DDEA39091DC0A453573ECB734A40EF0390DAC4091DC05682C5E1CC734A409548A297510C1DC087BF266BD4734A40CCB4FD2B2B0D1DC0247F30F0DC734A40933A014D840D1DC0C763062AE3734A4004E78C28ED0D1DC0D5CA845FEA734A405890662C9A0E1DC039454772F9734A400113B875370F1DC0C095ECD808744A403A234A7B830F1DC0F9F719170E744A401D2098A3C70F1DC05C55F65D11744A40AA436E861B101DC0C0B2D2A414744A40AAF1D24D62101DC0003ACC9717744A4070B1A206D3101DC0CE1951DA1B744A4036CD3B4ED1111DC04703780B24744A403411363CBD121DC0C7116BF129744A40344B02D4D4121DC00EBE30992A744A40F8C264AA60141DC0F94ECC7A31744A40F8AA9509BF141DC063D1747632744A404BC8073D9B151DC01C25AFCE31744A4067D5E76A2B161DC08ECC237F30744A40D80DDB1665161DC00074982F2F744A4066F7E461A1161DC0079964E42C744A40F41ABB44F5161DC05C8FC2F528744A409E29745E63171DC0B9AAECBB22744A40D6C56D3480171DC0E3A59BC420744A40B97020240B181DC047E6913F18744A4063450DA661181DC0A301BC0512744A40B79C4B7155191DC0F9DA334B02744A40D235936FB6191DC0E44EE960FD734A40273108AC1C1A1DC039454772F9734A40D105F52D731A1DC0ABECBB22F8734A4042EC4CA1F31A1DC08716D9CEF7734A4025E99AC9371B1DC0CEC29E76F8734A40CF83BBB3761B1DC0CEC29E76F8734A4040F67AF7C71B1DC0156F641EF9734A40EA3E00A94D1C1DC032207BBDFB734A405B99F04BFD1C1DC08E588B4F01744A40E5B8533A581F1DC0E388B5F814744A40C58F31772D211DC04703780B24744A40A72215C616221DC09C16BCE82B744A403480B74082221DC0234A7B832F744A40DE3CD52137231DC05587DC0C37744A40A4703D0AD7231DC0D595CFF23C744A40DCBA9BA73A241DC038F3AB3940744A406ADE718A8E241DC00EF8FC3042744A40DBC4C9FD0E251DC02AA913D044744A40A18499B67F251DC0952BBCCB45744A40672C9ACE4E261DC0D5B2B5BE48744A40D6E253008C271DC0AAB706B64A744A400D71AC8BDB281DC00E15E3FC4D744A4062F8889812291DC09C6D6E4C4F744A4060C8EA56CF291DC055C1A8A44E744A405F24B4E55C2A1DC0A3923A014D744A4097E2AAB2EF2A1DC0C7681D554D744A4041B79734462B1DC031EBC5504E744A4007EBFF1CE62B1DC09548A29751744A405A12A0A6962D1DC02AE3DF675C744A40CBBE2B82FF2D1DC0F8C264AA60744A40E71DA7E8482E1DC015747B4963744A40029F1F46082F1DC0B13385CE6B744A40ACADD85F762F1DC0386744696F744A400135B56CAD2F1DC0A3E9EC6470744A401CCEFC6A0E301DC0C6BFCFB870744A408ECC237F30301DC0EA95B20C71744A401B9E5E29CB301DC0C6BFCFB870744A40DF4F8D976E321DC055185B0872744A40312592E865341DC06AA4A5F276744A4069A9BC1DE1341DC0D5264EEE77744A404CA60A4625351DC03FA9F6E978744A40F6B4C35F93351DC0F1D7648D7A744A4049BA66F2CD361DC04D10751F80744A408104C58F31371DC0DC68006F81744A4065C746205E371DC046EBA86A82744A4081ECF5EE8F371DC06AC18BBE82744A409D4B7155D9371DC0D44334BA83744A40B8E4B8533A381DC01CF0F96184744A40614F3BFC35391DC08D976E1283744A40609335EA213A1DC071E6577380744A405FB532E1973A1DC04D10751F80744A4008AC1C5A643B1DC0BFB7E9CF7E744A400612143FC63C1DC0A306D3307C744A403CDA38622D3E1DC0AA2B9FE579744A4002D4D4B2B53E1DC0F1D7648D7A744A4057091687333F1DC0A306D3307C744A401E1B81785D3F1DC0C6DCB5847C744A40FFE7305F5E401DC04D10751F80744A408CDB68006F411DC0B16D516683744A4019390B7BDA411DC0639CBF0985744A40A72215C616421DC0F1F44A5986744A40C347C49448421DC0A323B9FC87744A40C251F2EA1C431DC0CD3B4ED191744A40889D29745E431DC05B94D92093744A40A4C2D84290431DC0A3409FC893744A406B82A8FB00441DC07F6ABC7493744A40BFB7E9CF7E441DC038BEF6CC92744A404DDBBFB2D2441DC014E8137992744A40F645425BCE451DC014E8137992744A402E90A0F831461DC05B94D92093744A40103B53E8BC461DC00DC347C494744A4048F949B54F471DC09B1BD31396744A40F12900C633481DC0069E7B0F97744A400D71AC8BDB481DC0E3C798BB96744A400C59DDEA39491DC09B1BD31396744A40D3A414747B491DC031992A1895744A404417D4B7CC491DC014E8137992744A40983446EBA84A1DC0E3AAB2EF8A744A4042CF66D5E74A1DC0EACF7EA488744A40CF143AAFB14B1DC046EBA86A82744A40079964E42C4C1DC04D10751F80744A403F6F2A52614C1DC04D10751F80744A4095826E2F694C1DC02A3A92CB7F744A40B13385CE6B4C1DC04D10751F80744A40B003E78C284D1DC094BC3AC780744A403D27BD6F7C4D1DC02315C61682744A40CA54C1A8A44E1DC0CD1E680586744A405726FC523F4F1DC0C6F99B5088744A40ACADD85F764F1DC0317C444C89744A4039454772F94F1DC0E3AAB2EF8A744A40718FA50F5D501DC02A5778978B744A401CB62DCA6C501DC04D2D5BEB8B744A40C6C4E6E3DA501DC0DB85E63A8D744A40A9C1340C1F511DC046088F368E744A40E1455F419A511DC0868F882991744A408BE07F2BD9511DC05B94D92093744A40E0DBF4673F521DC09B1BD31396744A405114E81379521DC07120240B98744A406DFFCA4A93521DC0B8CCE9B298744A40A60F5D50DF521DC06AFB57569A744A406C09F9A067531DC0F853E3A59B744A4033E197FA79531DC0F853E3A59B744A40A4DFBE0E9C531DC01B2AC6F99B744A403255302AA9531DC01B2AC6F99B744A4087FE092E56541DC0B1A71DFE9A744A40A20BEA5BE6541DC0DBA2CC0699744A404C546F0D6C551DC09B1BD31396744A409F71E14048561DC0CD3B4ED191744A4065A54929E8561DC03FE3C28190744A40BBB88D06F0561DC03FE3C28190744A406475ABE7A4571DC0CD3B4ED191744A402BFBAE08FE571DC038BEF6CC92744A400EBE30992A581DC07F6ABC7493744A4045F0BF95EC581DC04D4A41B797744A4029ED0DBE30591DC0FF78AF5A99744A409A99999999591DC01405FA449E744A40605969520A5A1DC04D672783A3744A407CB8E4B8535A1DC06A183E22A6744A4026016A6AD95A1DC0A27A6B60AB744A40D061BEBC005B1DC031D3F6AFAC744A40CF31207BBD5B1DC0D4B7CCE9B2744A40952BBCCB455C1DC09B728577B9744A40B0726891ED5C1DC0F8AA9509BF744A407632384A5E5D1DC0145CACA8C1744A40753C66A0325E1DC0300DC347C4744A409161156F645E1DC078B988EFC4744A4074982F2FC05E1DC0BF654E97C5744A4055FB743C66601DC0BF823463D1744A403A4030478F5F1DC08577B988EF744A40C84109336D5F1DC0772D211FF4744A401EE1B4E0455F1DC02237C30DF8744A40E622BE13B35E1DC02254A9D903754A4002BC0512145F1DC00CE544BB0A754A40744694F6065F1DC09B3DD00A0C754A40C971A774B05E1DC01327F73B14754A40	0101000020E6100000B383FCA4F65E1DC0EEC8F8C22B754A40	2025-12-07 16:56:00.263227+00	6	49234	3085
37	0102000020E610000054000000D52137C30D1819C0876D8B321BA44A4047382D78D11719C039B9DFA128A44A400DA661F8881819C09C16BCE82BA44A40D4B7CCE9B21819C0C0EC9E3C2CA44A407FDE54A4C21819C0C0EC9E3C2CA44A40D4F19881CA1819C0C0EC9E3C2CA44A409BC937DBDC1819C07940D9942BA44A400D8E9257E71819C0319413ED2AA44A40B7EEE6A90E1919C04E2844C021A44A4043E21E4B1F1A19C0B9AAECBB22A44A404356B77A4E1A19C095D4096822A44A407CB8E4B8531A19C095D4096822A44A407CF2B0506B1A19C072FE261422A44A402619390B7B1A19C0077C7E1821A44A4098DD9387851A19C09CF9D51C20A44A40ECC039234A1B19C0957D5704FFA34A407AC2120F281B19C02BFBAE08FEA34A40446E861BF01919C0E4310395F1A34A407E8CB96B091919C000C63368E8A34A40645DDC46031819C0D6AD9E93DEA34A40841266DAFE1519C0807D74EACAA34A401344DD07201519C0E4BD6A65C2A34A4086200725CC1419C039B4C876BEA34A404E9CDCEF501419C08FAA2688BAA34A40C1560916871319C0F2EA1C03B2A34A406C21C841091319C072DC291DACA34A408A7615527E1219C06475ABE7A4A34A40E1455F419A1119C0FAD51C2098A34A40FE9AAC510F1119C0166A4DF38EA34A40FF3EE3C2811019C0EC51B81E85A34A40E31934F44F1019C0641EF98381A34A408E588B4F011019C0E40F069E7BA34A40C80C54C6BF0F19C088D7F50B76A34A40C85EEFFE780F19C0E5F21FD26FA34A4057EC2FBB270F19C0B3B5BE4868A34A40026553AEF00E19C09E29745E63A34A40ADDD76A1B90E19C065C746205EA34A403D9B559FAB0D19C0C1A8A44E40A34A403E3F8C101E0D19C07ADFF8DA33A34A40E97DE36BCF0C19C06C787AA52CA34A4094BC3AC7800C19C010406A1327A34A400647C9AB730C19C0A5BDC11726A34A40EBAD81AD120C19C0975643E21EA34A405D50DF32A70B19C0D09B8A5418A34A40B3EF8AE07F0B19C0D7C0560916A34A4025CCB4FD2B0B19C07B88467710A34A40D0B87020240B19C057B2632310A34A40ED815660C80A19C0422619390BA34A4026FC523F6F0A19C02C9ACE4E06A34A407CED9925010A19C0AC8BDB6800A34A407D91D096730919C09E245D33F9A24A400E15E3FC4D0819C0A52C431CEBA24A404833164D670719C07B14AE47E1A24A404AEF1B5F7B0619C049D74CBED9A24A4083A3E4D5390619C074D2FBC6D7A24A4012312592E80519C09FCDAACFD5A24A401283C0CAA10519C0ED9E3C2CD4A24A4085EB51B81E0519C042959A3DD0A24A4069520ABABD0419C090662C9ACEA24A408733BF9A030419C02D095053CBA24A40C1ADBB79AA0319C0C286A757CAA24A40508D976E120319C0342E1C08C9A24A40C4995FCD010219C05F29CB10C7A24A406F2A52616C0119C0187D0569C6A24A4070B6B9313D0119C0187D0569C6A24A40C66D3480B70019C05F29CB10C7A24A40ACE28DCC23FF18C0342E1C08C9A24A4002486DE2E4FE18C0342E1C08C9A24A40C971A774B0FE18C0342E1C08C9A24A4004E275FD82FD18C0C286A757CAA24A403F74417DCBFC18C02D095053CBA24A407862D68BA1FC18C02D095053CBA24A40EA04341136FC18C050DF32A7CBA24A40EB56CF49EFFB18C074B515FBCBA24A4097ADF54542FB18C0DF37BEF6CCA24A40D0ED258DD1FA18C0DF37BEF6CCA24A40423EE8D9ACFA18C0BB61DBA2CCA24A400A2E56D460FA18C02D095053CBA24A40EF2076A6D0F918C0C9AB730CC8A24A407D5C1B2AC6F918C0C286A757CAA24A40EFE6A90EB9F918C074B515FBCBA24A4044C02154A9F918C026E4839ECDA24A4061FD9FC37CF918C0D712F241CFA24A409A25016A6AF918C0FBE8D495CFA24A40	0101000020E6100000010000806DF918C03FB820E6D1A24A40	2025-12-07 17:55:21.484143+00	2	2959	455
39	0102000020E6100000910200004985B18520F722C01990BDDEFD514A40D7DD3CD521F722C027F73B1405524A4010406A1327F722C0832F4CA60A524A4083177D0569F622C02E56D4601A524A406744696FF0F522C07C444C8924524A4087E123624AF422C04A7B832F4C524A4015A930B610F422C0CA89761552524A4088855AD3BCF322C043739D465A524A40884B8E3BA5F322C05F24B4E55C524A40336DFFCA4AF322C0FCE3BD6A65524A4017B7D100DEF222C0917EFB3A70524A40A64412BD8CF222C00A68226C78524A40A60A462575F222C0034356B77A524A408A1F63EE5AF222C0FC1D8A027D524A40A79196CADBF122C043E7357689524A408C101E6D1CF122C0516B9A779C524A408CD651D504F122C0029A081B9E524A401B81785DBFF022C0A67EDE54A4524A4001DE02098AEF22C050C24CDBBF524A40E5D022DBF9EE22C0DF37BEF6CC524A4021CD58349DED22C0575BB1BFEC524A4004E275FD82ED22C05036E50AEF524A405C5A0D897BEC22C0BBF2599E07534A40B1A206D330EC22C010069E7B0F534A4079060DFD13EC22C0DEE522BE13534A4079758E01D9EB22C0E527D53E1D534A4007B13385CEEB22C0BA2C26361F534A40088F368E58EB22C0DE3CD52137534A400938842A35EB22C05E4BC8073D534A4026E4839ECDEA22C0ECC039234A534A40B41F2922C3EA22C07A19C5724B534A40D13FC1C58AEA22C041D47D0052534A407C2766BD18EA22C065C746205E534A400B46257502EA22C03ACC971760534A400B7BDAE1AFE922C0B3B5BE4868534A40D42B6519E2E822C04F92AE997C534A4029CB10C7BAE822C08F19A88C7F534A40F12E17F19DE822C0641EF98381534A40637FD93D79E822C03A234A7B83534A40F2B5679604E822C07AAA436E86534A409D9D0C8E92E722C0965B5A0D89534A409EEA909BE1E622C08811C2A38D534A404AB54FC763E622C00F45813E91534A40A18499B67FE522C0F2B0506B9A534A408542041C42E522C0EB8B84B69C534A40A228D027F2E422C072BF4351A0534A40DBA2CC0699E422C0CFF753E3A5534A406A300DC347E422C072DC291DAC534A4016A4198BA6E322C0D656EC2FBB534A40A5315A4755E322C0C0E78711C2534A403468E89FE0E222C039D1AE42CA534A4051BD35B055E222C08FE4F21FD2534A406F2F698CD6E122C09D4B7155D9534A40535C55F65DE122C04030478FDF534A4037894160E5E022C056BC9179E4534A408FE4F21FD2DF22C0392861A6ED534A401DE6CB0BB0DF22C0EB56CF49EF534A40738577B988DF22C00708E6E8F1534A401FBFB7E9CFDE22C072A774B0FE534A40CAE0287975DE22C0645DDC4603544A40E8C1DD59BBDD22C0B97020240B544A40930035B56CDD22C040A4DFBE0E544A40CC4065FCFBDC22C0E388B5F814544A405C035B2558DC22C07923F3C81F544A4042B28009DCDA22C07138F3AB39544A402788BA0F40DA22C0E3FC4D2844544A40276BD44334DA22C04E7FF62345544A40D2E3F736FDD922C0B1DCD26A48544A40D252793BC2D922C0F163CC5D4B544A4029ED0DBE30D922C0B81E85EB51544A409BE61DA7E8D822C087FE092E56544A40F168E388B5D822C03108AC1C5A544A40F1D7648D7AD822C06A6AD95A5F544A40475A2A6F47D822C0C6A2E9EC64544A409CBF098508D822C0F8DF4A766C544A408143A852B3D722C0D5264EEE77544A400FD1E80E62D722C0DC68006F81544A4082902C6002D722C0BFD4CF9B8A544A406744696FF0D522C031B610E4A0544A4084640113B8D522C06A183E22A6544A4014AE47E17AD422C09B8F6B43C5544A40DC80CF0F23D422C0C6A70018CF544A406C5B94D920D322C08D9C853DED544A403563D17476D222C0BEF6CC9200554A40E010AAD4ECD122C0691D554D10554A40E21E4B1FBAD022C021C8410933554A408DEE2076A6D022C01AA3755435554A40C7293A92CBCF22C0A835CD3B4E554A40AC8BDB6800CF22C061C3D32B65554A403C8386FE09CE22C00C0742B280554A40CC7F48BF7DCD22C09357E71890554A4005A3923A01CD22C068791EDC9D554A405BEB8B84B6CC22C0E162450DA6554A40B29DEFA7C6CB22C044FAEDEBC0554A40EDD808C4EBCA22C0AEB6627FD9554A40B41F2922C3CA22C0A06CCA15DE554A4043E21E4B1FCA22C0AEF02E17F1554A40D3307C444CC922C0605969520A564A400CE544BB0AC922C09296CADB11564A409CE1067C7EC822C03CBD529621564A4063EE5A423EC822C0BCCB457C27564A409CBF098508C822C0AE81AD122C564A402B8716D9CEC722C0A03715A930564A40F3716DA818C722C075594C6C3E564A40BBD05CA791C622C0E71DA7E848564A40F54A598638C622C0D1AE42CA4F564A40A1F31ABB44C522C0BC5CC47762564A40F91400E319C422C0BC96900F7A564A40A4367172BFC322C0EDD3F19881564A4033E197FA79C322C04A0C022B87564A40A52C431CEBC222C091D5AD9E93564A40C30DF8FC30C222C0A67EDE54A4564A4019C5724BABC122C0A69BC420B0564A40371AC05B20C122C0103B53E8BC564A40FF092E56D4C022C0664E97C5C4564A4055302AA913C022C0D72FD80DDB564A40AB7823F3C8BF22C0BB9BA73AE4564A401FA2D11DC4BE22C0EC12D55B03574A403D9B559FABBD22C0176536C824574A40AFEB17EC86BD22C0091B9E5E29574A400742B28009BC22C05760C8EA56574A40419AB1683ABB22C0734BAB2171574A407C444C8924BA22C02BF697DD93574A402A3A92CB7FB822C0F224E99AC9574A40478FDFDBF4B722C07250C24CDB574A40F2EA1C03B2B722C00E10CCD1E3574A40F5673F5244B622C0325A475513584A4012143FC6DCB522C02A52616C21584A4086C954C1A8B422C0A3923A014D584A40F91400E319B422C0B1169F0260584A4016A4198BA6B322C0386744696F584A40C251F2EA1CB322C071E6577380584A401878EE3D5CB222C09B1BD31396584A405322895E46B122C07FC16ED8B6584A4038842A357BB022C0302AA913D0584A40001DE6CB0BB022C070CE88D2DE584A40AB3E575BB1AF22C04D158C4AEA584A4057957D5704AF22C005A3923A01594A4058E2016553AE22C09B5AB6D617594A40035B25581CAE22C062156F641E594A4004CAA65CE1AD22C0707CED9925594A405A12A0A696AD22C00C3CF71E2E594A4005A8A9656BAD22C0FEF15EB532594A40AF5A99F04BAD22C01AA3755435594A40B03DB32440AD22C085251E5036594A40959F54FB74AC22C07E1D386744594A4026AAB706B6AA22C08CBE823463594A40999EB0C403AA22C0F65D11FC6F594A4099D36531B1A922C02FC03E3A75594A40D5CF9B8A54A822C0FDBCA94885594A402B6A300DC3A722C0A1A17F828B594A4081785DBF60A722C0E12879758E594A40F38E537424A722C06F8104C58F594A404E9CDCEF50A422C028F224E99A594A40DD989EB0C4A322C044A33B889D594A403541D47D00A222C06FBBD05CA7594A40C442AD69DEA122C0D93D7958A8594A4000529B38B99F22C0FD304278B4594A40CA32C4B12E9E22C099F04BFDBC594A40936FB6B9319D22C0D252793BC2594A400612143FC69C22C0EF0390DAC4594A40079964E42C9C22C0BDE3141DC9594A40401361C3D39B22C067EDB60BCD594A40791EDC9DB59B22C0191C25AFCE594A400803CFBD879B22C07D7901F6D1594A40255D33F9669B22C0BD00FBE8D4594A40D28C45D3D99922C03C66A032FE594A400B5EF415A49922C052F2EA1C035A4A40289B7285779922C09279E40F065A4A400CB08F4E5D9922C020D26F5F075A4A407E8CB96B099922C0A7052FFA0A5A4A40D49AE61DA79822C0C3B645990D5A4A40B98D06F0169822C0033E3F8C105A4A400FD6FF39CC9722C020EF552B135A4A408126C286A79722C0AE47E17A145A4A40825660C8EA9622C08A8EE4F21F5A4A402DEC6987BF9622C0CA15DEE5225A4A40A03715A9309622C0AE81AD122C5A4A40A12DE7525C9522C011FC6F253B5A4A40BE4D7FF6239522C075594C6C3E5A4A4030815B77F39422C04A5E9D63405A4A406ADE718A8E9422C0F5673F52445A4A40DD5ED218AD9322C0B5FD2B2B4D5A4A408CD651D5049122C0CAC342AD695A4A40560E2DB29D8F22C0E6913F18785A4A40C8073D9B558F22C02619390B7B5A4A40747B4963B48E22C0EDD3F198815A4A403E963E74418D22C0BBD05CA7915A4A40952BBCCB458C22C0516B9A779C5A4A40EB39E97DE38B22C0FB743C66A05A4A40B3EF8AE07F8B22C0ED2AA4FCA45A4A40B3412619398B22C051888043A85A4A4061A6ED5F598922C03411363CBD5A4A40B9533A58FF8722C02D095053CB5A4A40672C9ACE4E8622C06688635DDC5A4A404A41B797348622C0AD342905DD5A4A40A0FD4811198622C0D00A0C59DD5A4A40F59CF4BEF18522C0F4E0EEACDD5A4A4084D382177D8522C0D00A0C59DD5A4A40680586AC6E8522C0F4E0EEACDD5A4A40850838842A8522C082397AFCDE5A4A4014967840D98422C074EFE192E35A4A40DBF97E6ABC8422C06DCA15DEE55A4A40868F8829918422C017D4B7CCE95A4A40F931E6AE258422C0A54929E8F65A4A40156F641EF98322C07429AE2AFB5A4A406BD44334BA8322C0AC8BDB68005B4A404FAF9465888322C034BF9A03045B4A408A93FB1D8A8222C0DEE522BE135B4A40FDD98F14918122C0FAB31F29225B4A40FFB27BF2B08022C0D0D556EC2F5B4A4038F3AB39408022C0BA66F2CD365B4A403997E2AAB27F22C05726FC523F5B4A40014D840D4F7F22C041B79734465B4A40E8A4F78DAF7D22C04833164D675B4A40D13FC1C58A7A22C016A4198BA65B4A40EF384547727922C0AB5B3D27BD5B4A402A5778978B7822C0DDB5847CD05B4A4046CEC29E767822C08FE4F21FD25B4A402DB29DEFA77622C0CEC29E76F85B4A4030F5F3A6227522C02310AFEB175C4A40BEF6CC92007522C040C1C58A1A5C4A40A514747B497322C0401878EE3D5C4A40FBCBEEC9C37222C0B1DCD26A485C4A401A51DA1B7C7122C0F19D98F5625C4A40C503CAA65C7122C0EA78CC40655C4A404087F9F2026C22C02905DD5ED25C4A4026E4839ECD6A22C094C151F2EA5C4A40982F2FC03E6A22C07008556AF65C4A40B6A1629CBF6922C0BEF6CC92005D4A400F45813E916722C0A1B94E232D5D4A404BAB21718F6522C0DA722EC5555D4A40A4FCA4DAA76322C061FD9FC37C5D4A403524EEB1F46122C0AF25E4839E5D4A403737A6272C6122C07D224F92AE5D4A40C5387F130A6122C0BDA94885B15D4A4070B1A206D36022C019E25817B75D4A403815A930B66022C0A01518B2BA5D4A40AA8251499D6022C02849D74CBE5D4A4038842A357B6022C0A857CA32C45D4A40AAD4EC81566022C0FD6A0E10CC5D4A40C79DD2C1FA5F22C0207BBDFBE35D4A408FE4F21FD25F22C004E78C28ED5D4A408FAA2688BA5F22C0AEF02E17F15D4A408F537424975F22C00B293FA9F65D4A40014D840D4F5F22C0126BF129005E4A40E59B6D6E4C5F22C03541D47D005E4A403CA583F57F5E22C012A5BDC1175E4A409279E40F065E22C0E7C6F484255E4A403DD52137C35D22C01904560E2D5E4A4004560E2DB25D22C0EE08A7052F5E4A405A0D897B2C5D22C02EAD86C43D5E4A40B1169F02605C22C02EE7525C555E4A40401878EE3D5C22C0B51A12F7585E4A40EB909BE1065C22C058FFE7305F5E4A4095607138F35B22C051DA1B7C615E4A405D50DF32A75B22C03C6BB75D685E4A40410E4A98695B22C00A4B3CA06C5E4A407AFCDEA63F5B22C0032670EB6E5E4A40D061BEBC005B22C0FC00A436715E4A40425BCEA5B85A22C0AD2F12DA725E4A400A850838845A22C03C889D29745E4A4027A5A0DB4B5A22C05839B4C8765E4A40EF2076A6D05922C043CA4FAA7D5E4A400B5EF415A45922C08351499D805E4A400C76C3B6455922C091B8C7D2875E4A400D1AFA27B85822C08AB0E1E9955E4A400EA14ACD1E5822C07B832F4CA65E4A40D6A88768745722C0B4024356B75E4A40D72FD80DDB5622C082FFAD64C75E4A40F5BEF1B5675622C0A6F27684D35E4A40841266DAFE5522C03B8DB454DE5E4A40BD8C62B9A55522C090A0F831E65E4A4068CBB914575522C010AFEB17EC5E4A401344DD07205522C0BBB88D06F05E4A40A2D11DC4CE5422C0AD6EF59CF45E4A40BF2B82FFAD5422C05E9D6340F65E4A40DE76A1B94E5322C09E4143FF045F4A40C1A8A44E405322C0E5ED08A7055F4A4034BF9A03045322C06C21C841095F4A406D3997E2AA5222C057B26323105F4A4018B2BAD5735222C0B3EA73B5155F4A408AC8B08A375222C0E527D53E1D5F4A403541D47D005222C0176536C8245F4A40E0F3C308E15122C0739D465A2A5F4A4053B3075A815122C0884677103B5F4A406F47382D785122C05E4BC8073D5F4A40707CED99255122C07A19C5724B5F4A40E2CCAFE6005122C0D751D504515F4A40E23B31EBC55022C0C1E270E6575F4A401CF0F961845022C0FA449E245D5F4A409031772D214F22C088D7F50B765F4A4090DAC4C9FD4E22C0A4880CAB785F4A40C9AB730CC84E22C0BA1457957D5F4A403CA583F57F4E22C081CF0F23845F4A400395F1EF334E22C0FAB836548C5F4A40598638D6C54D22C06458C51B995F4A40B003E78C284D22C0B988EFC4AC5F4A403EE8D9ACFA4C22C0F2EA1C03B25F4A40B3D2A414744B22C0CE88D2DEE05F4A4041D47D00524B22C0799274CDE45F4A40B471C45A7C4A22C04ED1915CFE5F4A407C0A80F10C4A22C09CBF098508604A40D218ADA3AA4922C0CEFC6A0E10604A4045F0BF95EC4822C08048BF7D1D604A409C6D6E4C4F4822C039B9DFA128604A4047ACC5A7004822C00074982F2F604A40B9533A58FF4722C00074982F2F604A40F224E99AC94722C039D6C56D34604A40486DE2E47E4722C08EE9094B3C604A4010406A13274722C02384471B47604A40D7A3703D0A4722C0CE8DE9094B604A402D95B7239C4622C0C685032159604A40857CD0B3594522C046EBA86A82604A4087A757CA324422C0A99F3715A9604A4015527E52ED4322C08D0B0742B2604A40C18BBE82344322C0B01BB62DCA604A40C2172653054322C0302AA913D0604A40A64412BD8C4222C070CE88D2DE604A401973D712F24122C0CD237F30F0604A408C84B69C4B4122C04C4F58E201614A4055FB743C664022C005DD5ED218614A40399CF9D51C4022C0371AC05B20614A40AB9509BFD43F22C045813E9127614A4074EFE192E33E22C0B03DB32440614A402098A3C7EF3D22C01AFA27B858614A403F575BB1BF3C22C0BD18CA8976614A40E9263108AC3C22C0931D1B8178614A40B493C151F23A22C02F34D769A4614A407BBDFBE3BD3A22C0FD135CACA8614A40605969520A3A22C068B3EA73B5614A400C0742B2803922C06FF59CF4BE614A40F085C954C13822C0D9942BBCCB614A402A5778978B3822C03DF20703CF614A402C6519E2583722C06E4C4F58E2614A4083177D05693622C0AEF02E17F1614A402E39EE940E3622C02EFF21FDF6614A40DAACFA5C6D3522C02E1C08C902624A4030BB270F0B3522C0A7052FFA0A624A40A4703D0AD73322C0751F80D426624A40DE8E705AF03222C02EAD86C43D624A40DFA63FFB913222C058C51B9947624A40DF4F8D976E3222C04A7B832F4C624A405166834C323222C07593180456624A40FC1873D7123222C0F5A10BEA5B624A4036EA211ADD3122C06E8B321B64624A408C153598863122C0032670EB6E624A40C45A7C0A803122C04AD235936F624A40FED478E9263122C098C0ADBB79624A40E292E34EE93022C0D122DBF97E624A408D28ED0DBE3022C03480B74082624A40FF5BC98E8D3022C00A85083884624A408E23D6E2533022C0BCB376DB85624A401D774A07EB2F22C091B8C7D287624A40C8EF6DFAB32F22C066BD18CA89624A40738577B9882F22C0836E2F698C624A40734BAB21712F22C0587380608E624A40C8073D9B552F22C0742497FF90624A4057EC2FBB272F22C018096D3997624A401E335019FF2E22C06D1CB1169F624A403B8DB454DE2E22C09F5912A0A6624A40CA1AF5108D2E22C03B3602F1BA624A405839B4C8762E22C074982F2FC0624A4058A835CD3B2E22C009336DFFCA624A4005DD5ED2182D22C0BBD573D2FB624A402384471B472C22C09E7B0F971C634A407923F3C81F2C22C0ACE28DCC23634A4041D47D00522B22C0888043A852634A405E68AED3482B22C0815B77F354634A4025581CCEFC2A22C01D38674469634A404339D1AE422A22C04FE960FD9F634A40B56CAD2F122A22C048E17A14AE634A4027F73B14052A22C016C1FF56B2634A400B0C59DDEA2922C06BD44334BA634A40D3DEE00B932922C064E94317D4634A40D482177D052922C0957D5704FF634A409B1BD313962822C00EA14ACD1E644A40B8921D1B812822C0B285200725644A400FEECEDA6D2722C06AA4A5F276644A40107A36AB3E2722C01CF0F96184644A402D431CEBE22622C0EA094B3CA0644A404A5E9D63402622C0E97DE36BCF644A404A5E9D63402622C0E97DE36BCF644A40F59CF4BEF12522C0865AD3BCE3644A4068B3EA73B52522C07E52EDD3F1644A40A1F31ABB442522C07E8CB96B09654A40691D554D102522C0CC7A319413654A40DC68006F812422C01361C3D32B654A40344B02D4D42222C0CC6262F371654A40514EB4AB902222C0D3A414747B654A40DF15C1FF562222C0BD35B05582654A408AABCABE2B2222C0D3C1FA3F87654A40C425C79DD22122C09357E71890654A403602F1BA7E2122C07DE882FA96654A4070B6B9313D2122C06F9EEA909B654A40541D7233DC2022C0CBD6FA22A1654A4038BEF6CC922022C0520ABABDA4654A40545227A0892022C076E09C11A5654A4055185B08722022C0E162450DA6654A40AA7D3A1E332022C0D93D7958A8654A408F19A88C7F1F22C07D224F92AE654A401EFE9AAC511F22C02F51BD35B0654A401EA7E8482E1F22C0E17F2BD9B1654A40E71DA7E8481E22C012BD8C62B9654A4092CB7F48BF1D22C02849D74CBE654A40CCEEC9C3421D22C0F6285C8FC2654A403FC6DCB5841C22C0E0B9F770C9654A40950ED6FF391C22C0B6BE4868CB654A40247F30F0DC1B22C0D26F5F07CE654A407AAA436E861B22C0D26F5F07CE654A40B3EA73B5151B22C067EDB60BCD654A407B6B60AB041B22C02041F163CC654A404209336DFF1A22C02041F163CC654A407BBDFBE3BD1A22C092E86514CB654A407C2766BD181A22C076374F75C8654A40B62DCA6C901922C0598638D6C5654A40613255302A1922C012DA722EC5654A407E18213CDA1822C0EF0390DAC4654A409CC420B0721822C0A032FE7DC6654A4080828B15351822C052616C21C8654A400E677E35071822C00490DAC4C9654A40F224E99AC91722C02041F163CC654A40486DE2E47E1722C036CD3B4ED1654A40D8F50B76C31622C02EC55565DF654A40F98381E7DE1322C0A72215C616664A40DFE00B93A91222C0FC523F6F2A664A406E6E4C4F581222C0EE08A7052F664A40DF15C1FF561222C0EE08A7052F664A40E0A128D0271222C0E7E3DA5031664A408B4F01309E1122C0B5C35F9335664A4070B6B9313D1122C0F54A598638664A408D9C853DED1022C035D252793B664A40C68A1A4CC31022C00AD7A3703D664A40AA4885B1851022C0910A630B41664A40AA9A20EA3E1022C0EE42739D46664A4039454772F90F22C0D8D30E7F4D664A40C80C54C6BF0F22C0C364AA6054664A40C8EF6DFAB30F22C07593180456664A40ACADD85F760F22C07CD5CA845F664A403AAFB14B540F22C01FBAA0BE65664A403A75E5B33C0F22C03546EBA86A664A4057EC2FBB270F22C06DA818E76F664A4002BC0512140F22C05F5E807D74664A40C93CF207030F22C074EACA6779664A4074D2FBC6D70E22C0B48EAA2688664A401F2E39EE940E22C034D769A4A5664A4058FFE7305F0E22C0ADDD76A1B9664A40751F80D4260E22C0020EA14ACD664A40AE47E17A140E22C0821C9430D3664A40CB845FEAE70D22C0E6965643E2664A40CBD6FA22A10D22C0C91F0C3CF7664A40E882FA96390D22C073637AC212674A40E90E62670A0D22C0BA2C26361F674A40EAB298D87C0C22C02506819543674A4007B64AB0380C22C05760C8EA56674A405C381092050C22C0FA6184F068674A4079AF5A99F00B22C0DDCD531D72674A40B2D7BB3FDE0B22C09D6340F67A674A405D6DC5FEB20B22C06458C51B99674A4024EEB1F4A10B22C024EEB1F4A1674A40EC34D252790B22C0AB3E575BB1674A407A19C5724B0B22C0CF31207BBD674A4097ADF545420B22C0EBE2361AC0674A40B4E55C8AAB0A22C080B74082E2674A40EDF0D7648D0A22C0B2F4A10BEA674A407CD5CA845F0A22C0B21188D7F5674A40B5A679C7290A22C0323D618907684A40B54FC763060A22C095B7239C16684A409964E42CEC0922C0232D95B723684A40618E1EBFB70922C01C42959A3D684A407D224F92AE0922C0A375543541684A40448655BC910922C0381092054C684A407E5704FF5B0922C02AE3DF675C684A409A94826E2F0922C0E353008C67684A4062F88898120922C0CDE49B6D6E684A406284F068E30822C03FA9F6E978684A404777103B530822C0069E7B0F97684A409CDCEF50140822C0B8E9CF7EA4684A406440F67AF70722C0C6504EB4AB684A4080B74082E20722C0D4B7CCE9B2684A400FB9196EC00722C0A9D903ADC0684A40481630815B0722C07008556AF6684A40658D7A88460722C0309E4143FF684A409EB5DB2E340722C0F758FAD005694A40D7DD3CD5210722C030BB270F0B694A409E4143FF040722C03E22A64412694A402D431CEBE20622C04C89247A19694A40D8D825AAB70622C0A29C685721694A4011AAD4EC810622C03E5C72DC29694A40D8D30E7F4D0622C07099D36531694A40BD1DE1B4E00522C0B03DB32440694A4084F068E3880522C08C84B69C4B694A40A1100187500522C09AEB34D252694A40693A3B191C0522C01AFA27B858694A40F8AA9509BF0422C0213CDA3862694A4086C954C1A80422C0F6402B3064694A404D10751F800422C0C520B07268694A404EB9C2BB5C0422C04C546F0D6C694A40884677103B0322C084F068E388694A40A54929E8F60222C06F8104C58F694A40516B9A779C0222C0BD6F7CED99694A406E179AEB340222C04BE5ED08A7694A40529B38B9DF0122C099D36531B1694A4070B6B9313D0122C0EF0390DAC4694A40704221020E0122C06F1283C0CA694A4037894160E50022C03DF20703CF694A40A9F6E978CC0022C0A04FE449D2694A40C63368E89F0022C0B6DB2E34D7694A4000917EFB3A0022C0FDA4DAA7E3694A408E1EBFB7E9FF21C004E78C28ED694A40734BAB2171FF21C067614F3BFC694A40C976BE9F1AFF21C044A852B3076A4A403BC780ECF5FE21C0EEB1F4A10B6A4A40020EA14ACDFE21C0033E3F8C106A4A403B70CE88D2FE21C0B56CAD2F126A4A403B70CE88D2FE21C08B71FE26146A4A4074B515FBCBFE21C060764F1E166A4A40ADFA5C6DC5FE21C0EECEDA6D176A4A40ADDD76A1B9FE21C059518369186A4A40E622BE13B3FE21C059518369186A4A40910F7A36ABFE21C059518369186A4A4091F2936A9FFE21C0035B25581C6A4A4058569A9482FE21C02E73BA2C266A4A40E7A90EB919FE21C02ECA6C90496A4A4075E5B33C0FFE21C04A7B832F4C6A4A405917B7D100FE21C03C31EBC5506A4A40CB845FEAE7FD21C0672C9ACE4E6A4A4092E86514CBFD21C0672C9ACE4E6A4A4004560E2DB2FD21C0AED85F764F6A4A407632384A5EFD21C011363CBD526A4A405AF0A2AF20FD21C0BC3FDEAB566A4A402254A9D903FD21C091442FA3586A4A40CD0182397AFC21C04AB54FC7636A4A402367614F3BFC21C03C6BB75D686A4A407940D9942BFC21C0CAC342AD696A4A4040A4DFBE0EFC21C09FC893A46B6A4A404087F9F202FC21C0E674594C6C6A4A405C1B2AC6F9FB21C083177D05696A4A405DFE43FAEDFB21C01FBAA0BE656A4A40799274CDE4FB21C026DF6C73636A4A40247F30F0DCFB21C09886E123626A4A4024456458C5FB21C0EE7C3F355E6A4A40EBC5504EB4FB21C0F5A10BEA5B6A4A40CF66D5E76AFB21C058E20165536A4A40ECFA05BB61FB21C0EE5F5969526A4A405E4BC8073DFB21C04356B77A4E6A4A4009A7052FFAFA21C00AF4893C496A4A407B14AE47E1FA21C09F71E140486A4A40095053CBD6FA21C058C51B99476A4A40B4C876BE9FFA21C0CA6C9049466A4A4043739D465AFA21C058C51B99476A4A40B5A679C729FA21C09F71E140486A4A407CED992501FA21C051A04FE4496A4A40EF8FF7AA95F921C0AED85F764F6A4A400CEA5BE674F921C0A7B393C1516A4A40618907944DF921C075931804566A4A40D313967840F921C04A9869FB576A4A400C022B8716F921C0EE7C3F355E6A4A40F0A2AF20CDF821C01895D409686A4A40D4D4B2B5BEF821C0117008556A6A4A4046B1DCD26AF821C01FD7868A716A4A40F19D98F562F821C043AD69DE716A4A407FD93D7958F821C08A592F86726A4A40D673D2FBC6F721C01FF46C567D6A4A4065C22FF5F3F621C0EDF0D7648D6A4A4066A032FE7DF621C0AD86C43D966A4A40F5A10BEA5BF621C0ED0DBE30996A4A40115322895EF621C034BA83D8996A4A402E04392861F621C07B6649809A6A4A40BC5CC47762F621C00ABFD4CF9B6A4A40BC5CC47762F621C074417DCB9C6A4A402E04392861F621C0BBED42739D6A4A406649809A5AF621C04A46CEC29E6A4A402EE7525C55F621C091F2936A9F6A4A4066A032FE7DF621C0F46C567DAE6A4A40BBED42739DF621C05F0CE544BB6A4A402DCF83BBB3F621C0ADFA5C6DC56A4A4049F4328AE5F621C06DAD2F12DA6A4A4049111956F1F621C0A60F5D50DF6A4A404985B18520F721C0B493C151F26A4A408104C58F31F721C00282397AFC6A4A402C0E677E35F721C065DF15C1FF6A4A409E98F56228F721C089B5F814006B4A409E7B0F971CF721C0D061BEBC006B4A40D7A3703D0AF721C010E9B7AF036B4A4049F4328AE5F621C0422619390B6B4A40821C9430D3F621C0EC2FBB270F6B4A4067F2CD3637F621C0F3AB3940306B4A404BB0389CF9F521C05E4BC8073D6B4A40A06CCA15DEF521C073D712F2416B4A40A04FE449D2F521C001309E41436B4A404B1FBAA0BEF521C01EE1B4E0456B4A4084640113B8F521C0658D7A88466B4A404C7155D977F521C0E59B6D6E4C6B4A4068E89FE062F521C0014D840D4F6B4A4013D55B035BF521C08FA50F5D506B4A40855FEAE74DF521C0888043A8526B4A40A1D634EF38F521C02C6519E2586B4A40A20BEA5BE6F421C0FA7E6ABC746B4A40693524EEB1F421C02BD9B111886B4A40A3409FC893F421C0C173EFE1926B4A40BFD4CF9B8AF421C0D6FF39CC976B4A4014AE47E17AF421C0560E2DB29D6B4A404E62105839F421C0791EDC9DB56B4A40156F641EF9F321C09D2E8B89CD6B4A404F0647C9ABF321C0404D2D5BEB6B4A406B9A779CA2F321C0EB56CF49EF6B4A40C156091687F321C039454772F96B4A40FA7E6ABC74F321C0D50451F7016C4A404F1E166A4DF321C0CEFC6A0E106C4A40C1C58A1A4CF321C0F2D24D62106C4A40C2340C1F11F321C040DEAB56266C4A40FBE8D495CFF221C0EA211ADD416C4A40C269C18BBEF221C03F355EBA496C4A40516B9A779CF221C055DE8E705A6C4A408AB0E1E995F221C0956588635D6C4A40349D9D0C8EF221C01C9947FE606C4A40FB57569A94F221C0861BF0F9616C4A4018096D3997F221C0AAF1D24D626C4A4034BA83D899F221C015747B49636C4A40A661F88898F221C07FF62345646C4A4018096D3997F221C0A3CC0699646C4A406DFFCA4A93F221C0EA78CC40656C4A40C3F5285C8FF221C00E4FAF94656C4A408A93FB1D8AF221C0312592E8656C4A403480B74082F221C00E4FAF94656C4A40C39E76F86BF221C0FF04172B6A6C4A403546EBA86AF221C023DBF97E6A6C4A40352905DD5EF221C01CB62DCA6C6C4A40FCA9F1D24DF221C0159161156F6C4A40355EBA490CF221C046CEC29E766C4A406E861BF0F9F121C0AA2B9FE5796C4A40C47C7901F6F121C014AE47E17A6C4A406E693524EEF121C0EAB298D87C6C4A408BFD65F7E4F121C094BC3AC7806C4A406E4C4F58E2F121C0D44334BA836C4A406E4C4F58E2F121C0CD1E6805866C4A40FDA4DAA7E3F121C0EACF7EA4886C4A40350708E6E8F121C094D920938C6C4A40FCFB8C0B07F221C00DE02D90A06C4A40A7052FFA0AF221C0713D0AD7A36C4A40E0675C3810F221C01422E010AA6C4A40FC1873D712F221C0787FBC57AD6C4A40A72215C616F221C0F88DAF3DB36C4A40357BA01518F221C05BEB8B84B66C4A40C3D32B6519F221C09B728577B96C4A40522CB7B41AF221C069520ABABD6C4A4019E76F4221F221C0CDE9B298D86C4A40C3D32B6519F221C05B5F24B4E56C4A40C3D32B6519F221C0306475ABE76C4A4052F2EA1C03F221C00D8E9257E76C4A4019E25817B7F121C0E9B7AF03E76C4A406F8104C58FF121C07E350708E66C4A40FDBCA94885F121C014B35E0CE56C4A40A8A9656B7DF121C0F701486DE26C4A40E1EEACDD76F121C0B77A4E7ADF6C4A405396218E75F121C04DF8A57EDE6C4A40	0101000020E610000001000000D0F021C075905A8EE36C4A40	2025-12-08 13:19:35.66556+00	13	44060	2445
\.


--
-- Data for Name: geocode_settings; Type: TABLE DATA; Schema: tiger; Owner: postgres
--

COPY tiger.geocode_settings (name, setting, unit, category, short_desc) FROM stdin;
\.


--
-- Data for Name: pagc_gaz; Type: TABLE DATA; Schema: tiger; Owner: postgres
--

COPY tiger.pagc_gaz (id, seq, word, stdword, token, is_custom) FROM stdin;
\.


--
-- Data for Name: pagc_lex; Type: TABLE DATA; Schema: tiger; Owner: postgres
--

COPY tiger.pagc_lex (id, seq, word, stdword, token, is_custom) FROM stdin;
\.


--
-- Data for Name: pagc_rules; Type: TABLE DATA; Schema: tiger; Owner: postgres
--

COPY tiger.pagc_rules (id, rule, is_custom) FROM stdin;
\.


--
-- Data for Name: topology; Type: TABLE DATA; Schema: topology; Owner: postgres
--

COPY topology.topology (id, name, srid, "precision", hasz) FROM stdin;
\.


--
-- Data for Name: layer; Type: TABLE DATA; Schema: topology; Owner: postgres
--

COPY topology.layer (topology_id, layer_id, schema_name, table_name, feature_column, feature_type, level, child_id) FROM stdin;
\.


--
-- Name: auth_group_id_seq; Type: SEQUENCE SET; Schema: public; Owner: postgres
--

SELECT pg_catalog.setval('public.auth_group_id_seq', 4, true);


--
-- Name: auth_group_permissions_id_seq; Type: SEQUENCE SET; Schema: public; Owner: postgres
--

SELECT pg_catalog.setval('public.auth_group_permissions_id_seq', 1, false);


--
-- Name: auth_permission_id_seq; Type: SEQUENCE SET; Schema: public; Owner: postgres
--

SELECT pg_catalog.setval('public.auth_permission_id_seq', 40, true);


--
-- Name: auth_user_groups_id_seq; Type: SEQUENCE SET; Schema: public; Owner: postgres
--

SELECT pg_catalog.setval('public.auth_user_groups_id_seq', 7, true);


--
-- Name: auth_user_id_seq; Type: SEQUENCE SET; Schema: public; Owner: postgres
--

SELECT pg_catalog.setval('public.auth_user_id_seq', 8, true);


--
-- Name: auth_user_user_permissions_id_seq; Type: SEQUENCE SET; Schema: public; Owner: postgres
--

SELECT pg_catalog.setval('public.auth_user_user_permissions_id_seq', 1, false);


--
-- Name: django_admin_log_id_seq; Type: SEQUENCE SET; Schema: public; Owner: postgres
--

SELECT pg_catalog.setval('public.django_admin_log_id_seq', 80, true);


--
-- Name: django_content_type_id_seq; Type: SEQUENCE SET; Schema: public; Owner: postgres
--

SELECT pg_catalog.setval('public.django_content_type_id_seq', 10, true);


--
-- Name: django_migrations_id_seq; Type: SEQUENCE SET; Schema: public; Owner: postgres
--

SELECT pg_catalog.setval('public.django_migrations_id_seq', 26, true);


--
-- Name: tracking_county_id_seq; Type: SEQUENCE SET; Schema: public; Owner: postgres
--

SELECT pg_catalog.setval('public.tracking_county_id_seq', 1, false);


--
-- Name: tracking_location_id_seq; Type: SEQUENCE SET; Schema: public; Owner: postgres
--

SELECT pg_catalog.setval('public.tracking_location_id_seq', 145, true);


--
-- Name: tracking_lorry_id_seq; Type: SEQUENCE SET; Schema: public; Owner: postgres
--

SELECT pg_catalog.setval('public.tracking_lorry_id_seq', 13, true);


--
-- Name: tracking_lorryroute_id_seq; Type: SEQUENCE SET; Schema: public; Owner: postgres
--

SELECT pg_catalog.setval('public.tracking_lorryroute_id_seq', 39, true);


--
-- Name: topology_id_seq; Type: SEQUENCE SET; Schema: topology; Owner: postgres
--

SELECT pg_catalog.setval('topology.topology_id_seq', 1, false);


--
-- Name: auth_group auth_group_name_key; Type: CONSTRAINT; Schema: public; Owner: postgres
--

ALTER TABLE ONLY public.auth_group
    ADD CONSTRAINT auth_group_name_key UNIQUE (name);


--
-- Name: auth_group_permissions auth_group_permissions_group_id_permission_id_0cd325b0_uniq; Type: CONSTRAINT; Schema: public; Owner: postgres
--

ALTER TABLE ONLY public.auth_group_permissions
    ADD CONSTRAINT auth_group_permissions_group_id_permission_id_0cd325b0_uniq UNIQUE (group_id, permission_id);


--
-- Name: auth_group_permissions auth_group_permissions_pkey; Type: CONSTRAINT; Schema: public; Owner: postgres
--

ALTER TABLE ONLY public.auth_group_permissions
    ADD CONSTRAINT auth_group_permissions_pkey PRIMARY KEY (id);


--
-- Name: auth_group auth_group_pkey; Type: CONSTRAINT; Schema: public; Owner: postgres
--

ALTER TABLE ONLY public.auth_group
    ADD CONSTRAINT auth_group_pkey PRIMARY KEY (id);


--
-- Name: auth_permission auth_permission_content_type_id_codename_01ab375a_uniq; Type: CONSTRAINT; Schema: public; Owner: postgres
--

ALTER TABLE ONLY public.auth_permission
    ADD CONSTRAINT auth_permission_content_type_id_codename_01ab375a_uniq UNIQUE (content_type_id, codename);


--
-- Name: auth_permission auth_permission_pkey; Type: CONSTRAINT; Schema: public; Owner: postgres
--

ALTER TABLE ONLY public.auth_permission
    ADD CONSTRAINT auth_permission_pkey PRIMARY KEY (id);


--
-- Name: auth_user_groups auth_user_groups_pkey; Type: CONSTRAINT; Schema: public; Owner: postgres
--

ALTER TABLE ONLY public.auth_user_groups
    ADD CONSTRAINT auth_user_groups_pkey PRIMARY KEY (id);


--
-- Name: auth_user_groups auth_user_groups_user_id_group_id_94350c0c_uniq; Type: CONSTRAINT; Schema: public; Owner: postgres
--

ALTER TABLE ONLY public.auth_user_groups
    ADD CONSTRAINT auth_user_groups_user_id_group_id_94350c0c_uniq UNIQUE (user_id, group_id);


--
-- Name: auth_user auth_user_pkey; Type: CONSTRAINT; Schema: public; Owner: postgres
--

ALTER TABLE ONLY public.auth_user
    ADD CONSTRAINT auth_user_pkey PRIMARY KEY (id);


--
-- Name: auth_user_user_permissions auth_user_user_permissions_pkey; Type: CONSTRAINT; Schema: public; Owner: postgres
--

ALTER TABLE ONLY public.auth_user_user_permissions
    ADD CONSTRAINT auth_user_user_permissions_pkey PRIMARY KEY (id);


--
-- Name: auth_user_user_permissions auth_user_user_permissions_user_id_permission_id_14a6b632_uniq; Type: CONSTRAINT; Schema: public; Owner: postgres
--

ALTER TABLE ONLY public.auth_user_user_permissions
    ADD CONSTRAINT auth_user_user_permissions_user_id_permission_id_14a6b632_uniq UNIQUE (user_id, permission_id);


--
-- Name: auth_user auth_user_username_key; Type: CONSTRAINT; Schema: public; Owner: postgres
--

ALTER TABLE ONLY public.auth_user
    ADD CONSTRAINT auth_user_username_key UNIQUE (username);


--
-- Name: django_admin_log django_admin_log_pkey; Type: CONSTRAINT; Schema: public; Owner: postgres
--

ALTER TABLE ONLY public.django_admin_log
    ADD CONSTRAINT django_admin_log_pkey PRIMARY KEY (id);


--
-- Name: django_content_type django_content_type_app_label_model_76bd3d3b_uniq; Type: CONSTRAINT; Schema: public; Owner: postgres
--

ALTER TABLE ONLY public.django_content_type
    ADD CONSTRAINT django_content_type_app_label_model_76bd3d3b_uniq UNIQUE (app_label, model);


--
-- Name: django_content_type django_content_type_pkey; Type: CONSTRAINT; Schema: public; Owner: postgres
--

ALTER TABLE ONLY public.django_content_type
    ADD CONSTRAINT django_content_type_pkey PRIMARY KEY (id);


--
-- Name: django_migrations django_migrations_pkey; Type: CONSTRAINT; Schema: public; Owner: postgres
--

ALTER TABLE ONLY public.django_migrations
    ADD CONSTRAINT django_migrations_pkey PRIMARY KEY (id);


--
-- Name: django_session django_session_pkey; Type: CONSTRAINT; Schema: public; Owner: postgres
--

ALTER TABLE ONLY public.django_session
    ADD CONSTRAINT django_session_pkey PRIMARY KEY (session_key);


--
-- Name: tracking_county tracking_county_pkey; Type: CONSTRAINT; Schema: public; Owner: postgres
--

ALTER TABLE ONLY public.tracking_county
    ADD CONSTRAINT tracking_county_pkey PRIMARY KEY (id);


--
-- Name: tracking_location tracking_location_pkey; Type: CONSTRAINT; Schema: public; Owner: postgres
--

ALTER TABLE ONLY public.tracking_location
    ADD CONSTRAINT tracking_location_pkey PRIMARY KEY (id);


--
-- Name: tracking_lorry tracking_lorry_pkey; Type: CONSTRAINT; Schema: public; Owner: postgres
--

ALTER TABLE ONLY public.tracking_lorry
    ADD CONSTRAINT tracking_lorry_pkey PRIMARY KEY (id);


--
-- Name: tracking_lorry tracking_lorry_user_id_key; Type: CONSTRAINT; Schema: public; Owner: postgres
--

ALTER TABLE ONLY public.tracking_lorry
    ADD CONSTRAINT tracking_lorry_user_id_key UNIQUE (user_id);


--
-- Name: tracking_lorryroute tracking_lorryroute_pkey; Type: CONSTRAINT; Schema: public; Owner: postgres
--

ALTER TABLE ONLY public.tracking_lorryroute
    ADD CONSTRAINT tracking_lorryroute_pkey PRIMARY KEY (id);


--
-- Name: auth_group_name_a6ea08ec_like; Type: INDEX; Schema: public; Owner: postgres
--

CREATE INDEX auth_group_name_a6ea08ec_like ON public.auth_group USING btree (name varchar_pattern_ops);


--
-- Name: auth_group_permissions_group_id_b120cbf9; Type: INDEX; Schema: public; Owner: postgres
--

CREATE INDEX auth_group_permissions_group_id_b120cbf9 ON public.auth_group_permissions USING btree (group_id);


--
-- Name: auth_group_permissions_permission_id_84c5c92e; Type: INDEX; Schema: public; Owner: postgres
--

CREATE INDEX auth_group_permissions_permission_id_84c5c92e ON public.auth_group_permissions USING btree (permission_id);


--
-- Name: auth_permission_content_type_id_2f476e4b; Type: INDEX; Schema: public; Owner: postgres
--

CREATE INDEX auth_permission_content_type_id_2f476e4b ON public.auth_permission USING btree (content_type_id);


--
-- Name: auth_user_groups_group_id_97559544; Type: INDEX; Schema: public; Owner: postgres
--

CREATE INDEX auth_user_groups_group_id_97559544 ON public.auth_user_groups USING btree (group_id);


--
-- Name: auth_user_groups_user_id_6a12ed8b; Type: INDEX; Schema: public; Owner: postgres
--

CREATE INDEX auth_user_groups_user_id_6a12ed8b ON public.auth_user_groups USING btree (user_id);


--
-- Name: auth_user_user_permissions_permission_id_1fbb5f2c; Type: INDEX; Schema: public; Owner: postgres
--

CREATE INDEX auth_user_user_permissions_permission_id_1fbb5f2c ON public.auth_user_user_permissions USING btree (permission_id);


--
-- Name: auth_user_user_permissions_user_id_a95ead1b; Type: INDEX; Schema: public; Owner: postgres
--

CREATE INDEX auth_user_user_permissions_user_id_a95ead1b ON public.auth_user_user_permissions USING btree (user_id);


--
-- Name: auth_user_username_6821ab7c_like; Type: INDEX; Schema: public; Owner: postgres
--

CREATE INDEX auth_user_username_6821ab7c_like ON public.auth_user USING btree (username varchar_pattern_ops);


--
-- Name: django_admin_log_content_type_id_c4bce8eb; Type: INDEX; Schema: public; Owner: postgres
--

CREATE INDEX django_admin_log_content_type_id_c4bce8eb ON public.django_admin_log USING btree (content_type_id);


--
-- Name: django_admin_log_user_id_c564eba6; Type: INDEX; Schema: public; Owner: postgres
--

CREATE INDEX django_admin_log_user_id_c564eba6 ON public.django_admin_log USING btree (user_id);


--
-- Name: django_session_expire_date_a5c62663; Type: INDEX; Schema: public; Owner: postgres
--

CREATE INDEX django_session_expire_date_a5c62663 ON public.django_session USING btree (expire_date);


--
-- Name: django_session_session_key_c0390e0f_like; Type: INDEX; Schema: public; Owner: postgres
--

CREATE INDEX django_session_session_key_c0390e0f_like ON public.django_session USING btree (session_key varchar_pattern_ops);


--
-- Name: tracking_county_polygon_52bc649e_id; Type: INDEX; Schema: public; Owner: postgres
--

CREATE INDEX tracking_county_polygon_52bc649e_id ON public.tracking_county USING gist (polygon);


--
-- Name: tracking_location_lorry_id_5702f296; Type: INDEX; Schema: public; Owner: postgres
--

CREATE INDEX tracking_location_lorry_id_5702f296 ON public.tracking_location USING btree (lorry_id);


--
-- Name: tracking_location_point_50404836_id; Type: INDEX; Schema: public; Owner: postgres
--

CREATE INDEX tracking_location_point_50404836_id ON public.tracking_location USING gist (point);


--
-- Name: tracking_lorryroute_destination_e53afdef_id; Type: INDEX; Schema: public; Owner: postgres
--

CREATE INDEX tracking_lorryroute_destination_e53afdef_id ON public.tracking_lorryroute USING gist (destination);


--
-- Name: tracking_lorryroute_lorry_id_bbe47d8b; Type: INDEX; Schema: public; Owner: postgres
--

CREATE INDEX tracking_lorryroute_lorry_id_bbe47d8b ON public.tracking_lorryroute USING btree (lorry_id);


--
-- Name: tracking_lorryroute_path_213287f0_id; Type: INDEX; Schema: public; Owner: postgres
--

CREATE INDEX tracking_lorryroute_path_213287f0_id ON public.tracking_lorryroute USING gist (path);


--
-- Name: auth_group_permissions auth_group_permissio_permission_id_84c5c92e_fk_auth_perm; Type: FK CONSTRAINT; Schema: public; Owner: postgres
--

ALTER TABLE ONLY public.auth_group_permissions
    ADD CONSTRAINT auth_group_permissio_permission_id_84c5c92e_fk_auth_perm FOREIGN KEY (permission_id) REFERENCES public.auth_permission(id) DEFERRABLE INITIALLY DEFERRED;


--
-- Name: auth_group_permissions auth_group_permissions_group_id_b120cbf9_fk_auth_group_id; Type: FK CONSTRAINT; Schema: public; Owner: postgres
--

ALTER TABLE ONLY public.auth_group_permissions
    ADD CONSTRAINT auth_group_permissions_group_id_b120cbf9_fk_auth_group_id FOREIGN KEY (group_id) REFERENCES public.auth_group(id) DEFERRABLE INITIALLY DEFERRED;


--
-- Name: auth_permission auth_permission_content_type_id_2f476e4b_fk_django_co; Type: FK CONSTRAINT; Schema: public; Owner: postgres
--

ALTER TABLE ONLY public.auth_permission
    ADD CONSTRAINT auth_permission_content_type_id_2f476e4b_fk_django_co FOREIGN KEY (content_type_id) REFERENCES public.django_content_type(id) DEFERRABLE INITIALLY DEFERRED;


--
-- Name: auth_user_groups auth_user_groups_group_id_97559544_fk_auth_group_id; Type: FK CONSTRAINT; Schema: public; Owner: postgres
--

ALTER TABLE ONLY public.auth_user_groups
    ADD CONSTRAINT auth_user_groups_group_id_97559544_fk_auth_group_id FOREIGN KEY (group_id) REFERENCES public.auth_group(id) DEFERRABLE INITIALLY DEFERRED;


--
-- Name: auth_user_groups auth_user_groups_user_id_6a12ed8b_fk_auth_user_id; Type: FK CONSTRAINT; Schema: public; Owner: postgres
--

ALTER TABLE ONLY public.auth_user_groups
    ADD CONSTRAINT auth_user_groups_user_id_6a12ed8b_fk_auth_user_id FOREIGN KEY (user_id) REFERENCES public.auth_user(id) DEFERRABLE INITIALLY DEFERRED;


--
-- Name: auth_user_user_permissions auth_user_user_permi_permission_id_1fbb5f2c_fk_auth_perm; Type: FK CONSTRAINT; Schema: public; Owner: postgres
--

ALTER TABLE ONLY public.auth_user_user_permissions
    ADD CONSTRAINT auth_user_user_permi_permission_id_1fbb5f2c_fk_auth_perm FOREIGN KEY (permission_id) REFERENCES public.auth_permission(id) DEFERRABLE INITIALLY DEFERRED;


--
-- Name: auth_user_user_permissions auth_user_user_permissions_user_id_a95ead1b_fk_auth_user_id; Type: FK CONSTRAINT; Schema: public; Owner: postgres
--

ALTER TABLE ONLY public.auth_user_user_permissions
    ADD CONSTRAINT auth_user_user_permissions_user_id_a95ead1b_fk_auth_user_id FOREIGN KEY (user_id) REFERENCES public.auth_user(id) DEFERRABLE INITIALLY DEFERRED;


--
-- Name: django_admin_log django_admin_log_content_type_id_c4bce8eb_fk_django_co; Type: FK CONSTRAINT; Schema: public; Owner: postgres
--

ALTER TABLE ONLY public.django_admin_log
    ADD CONSTRAINT django_admin_log_content_type_id_c4bce8eb_fk_django_co FOREIGN KEY (content_type_id) REFERENCES public.django_content_type(id) DEFERRABLE INITIALLY DEFERRED;


--
-- Name: django_admin_log django_admin_log_user_id_c564eba6_fk_auth_user_id; Type: FK CONSTRAINT; Schema: public; Owner: postgres
--

ALTER TABLE ONLY public.django_admin_log
    ADD CONSTRAINT django_admin_log_user_id_c564eba6_fk_auth_user_id FOREIGN KEY (user_id) REFERENCES public.auth_user(id) DEFERRABLE INITIALLY DEFERRED;


--
-- Name: tracking_location tracking_location_lorry_id_5702f296_fk_tracking_lorry_id; Type: FK CONSTRAINT; Schema: public; Owner: postgres
--

ALTER TABLE ONLY public.tracking_location
    ADD CONSTRAINT tracking_location_lorry_id_5702f296_fk_tracking_lorry_id FOREIGN KEY (lorry_id) REFERENCES public.tracking_lorry(id) DEFERRABLE INITIALLY DEFERRED;


--
-- Name: tracking_lorry tracking_lorry_user_id_25b0ce49_fk_auth_user_id; Type: FK CONSTRAINT; Schema: public; Owner: postgres
--

ALTER TABLE ONLY public.tracking_lorry
    ADD CONSTRAINT tracking_lorry_user_id_25b0ce49_fk_auth_user_id FOREIGN KEY (user_id) REFERENCES public.auth_user(id) DEFERRABLE INITIALLY DEFERRED;


--
-- Name: tracking_lorryroute tracking_lorryroute_lorry_id_bbe47d8b_fk_tracking_lorry_id; Type: FK CONSTRAINT; Schema: public; Owner: postgres
--

ALTER TABLE ONLY public.tracking_lorryroute
    ADD CONSTRAINT tracking_lorryroute_lorry_id_bbe47d8b_fk_tracking_lorry_id FOREIGN KEY (lorry_id) REFERENCES public.tracking_lorry(id) DEFERRABLE INITIALLY DEFERRED;


--
-- PostgreSQL database dump complete
--

\unrestrict hig3L0bWaWT1959dTnvIJE41mTFEgiwcJPd7P5dYVIu38sPGKQZGfBUXZFr1bVe

